CodeCommune,NomCommune,CodePostal
350,SAINT-ETIENNE-DU-BOIS,1370.0
103,CHEVRY,1170.0
143,DIVONNE-LES-BAINS,1220.0
288,PERON,1630.0
33,VALSERHONE,1200.0
138,CULOZ,1350.0
354,ST-GENIS-POUILLY,1630.0
283,OYONNAX,1100.0
357,ST-GERMAIN-DE-JOUX,1130.0
173,GEX,1170.0
4,AMBERIEU-EN-BUGEY,1500.0
71,CESSY,1170.0
396,SAULT-BRENAZ,1150.0
160,FERNEY-VOLTAIRE,1210.0
399,SEGNY,1170.0
202,LAGNIEU,1150.0
204,LE POIZAT-LALLEYRIAT,1130.0
34,BELLEY,1300.0
281,ORNEX,1210.0
148,DORTAN,1590.0
313,PREVESSIN-MOENS,1280.0
60,BRENOD,1110.0
363,SAINT-JEAN-LE-VIEUX,1640.0
269,NANTUA,1130.0
345,SAINT-DENIS-EN-BUGEY,1500.0
419,THOIRY,1710.0
31,BELLIGNAT,1100.0
185,PLATEAU D'HAUTEVILLE,1110.0
210,LELEX,1410.0
436,VESANCY,1170.0
192,IZERNORE,1580.0
153,ECHENEVEX,1170.0
435,VERSONNEX,1210.0
390,SAINT-VULBAS,1150.0
109,COLLONGES,1550.0
79,CHAMPAGNE-EN-VALROMEY,1260.0
199,JUJURIEUX,1640.0
240,MATAFELON-GRANGES,1580.0
187,HAUT-VALROMEY,1260.0
14,ARBENT,1100.0
224,LOYETTES,1360.0
247,MIJOUX,1410.0
401,SERGY,1630.0
158,FARGES,1550.0
135,CROZET,1170.0
443,VILLARS-LES-DOMBES,1330.0
244,MEXIMIEUX,1800.0
258,MONTCEAUX,1090.0
262,MONTLUEL,1120.0
194,JASSANS-RIOTTIER,1480.0
30,BEAUREGARD,1480.0
142,DAGNEUX,1120.0
248,MIONNAY,1390.0
450,VILLIEU-LOYES-MOLLON,1800.0
173,CHAUNY,2300.0
408,LAON,2000.0
304,LA FERE,2800.0
755,URCEL,2000.0
680,SAINT GOBAIN,2410.0
738,TERGNIER,2700.0
318,FOLEMBRAY,2670.0
691,SAINT QUENTIN,2100.0
722,SOISSONS,2200.0
226,COURMELLES,2200.0
795,VIC SUR AISNE,2290.0
810,VILLERS-COTTERETS,2600.0
410,LARGNY SUR AUTOMNE,2600.0
537,NANTEUIL LA FOSSE,2880.0
758,VAILLY-SUR-AISNE,2370.0
201,COEUVRES ET VALSERY,2600.0
64,BELLEU,2200.0
168,CHATEAU THIERRY,2400.0
305,FERE EN TARDENOIS,2130.0
190,MOULINS,3000.0
321,YZEURE,3400.0
95,CUSSET,3300.0
310,VICHY,3200.0
209,SISTERON,4200.0
166,RIEZ,4500.0
73,ENCHASTRAYES,4400.0
49,CHATEAU-ARNOUX-SAINT-AUBAN,4160.0
70,DIGNE-LES-BAINS,4000.0
126,MONTCLAR,4140.0
6,ALLOS,4260.0
39,CASTELLANE,4120.0
96,JAUSIERS,4850.0
102,LE LAUZET UBAYE,4340.0
205,SEYNE,4140.0
176,SAINTE CROIX DU VERDON,4500.0
86,FAUCON-DE-BARCELONNETTE,4400.0
19,BARCELONNETTE,4400.0
94,GREOUX-LES-BAINS,4800.0
189,SAINT-MARTIN-DE-BROMES,4800.0
145,PEIPIN,4200.0
245,VOLX,4130.0
88,FORCALQUIER,4300.0
203,SELONNET,4140.0
112,MANOSQUE,4100.0
226,UVERNET-FOURS,4400.0
139,NOYERS-SUR-JABRON,4200.0
151,PIERRERUE,4300.0
143,ORAISON,4700.0
79,L ESCALE,4160.0
242,VILLENEUVE,4180.0
230,VALENSOLE,4210.0
244,VOLONNE,4290.0
197,SAINTE-TULLE,4220.0
178,SAINT-ETIENNE-LES-ORGUES,4230.0
69,DEMANDOLX,4120.0
22,BARREME,4330.0
70,LARAGNE-MONTEGLIN,5300.0
153,SAINT-MICHEL-DE-CHAILLOL,5260.0
84,MONTGARDIN,5230.0
177,VARS,5560.0
46,EMBRUN,5200.0
156,SAINT-SAUVEUR,5200.0
23,BRIANCON,5100.0
96,ORCIERES,5170.0
101,VALLOUISE-PELVOUX,5340.0
6,L'ARGENTIERE-LA-BESSEE,5120.0
61,GAP,5000.0
139,LE DEVOLUY,5250.0
64,LA CHAPELLE-EN-VALGAUDEMAR,5800.0
1,ABRIES-RISTOLAS,5460.0
161,LA SALLE,5240.0
179,VEYNES,5400.0
4,ANCELLE,5260.0
98,LES ORRES,5200.0
166,SERRES,5700.0
119,RISOUL,5600.0
40,CHORGES,5230.0
110,PUY SAINT VINCENT,5290.0
132,SAINT-BONNET-EN-CHAMPSAUR,5500.0
93,NEVACHE,5100.0
79,LE MONETIER-LES-BAINS,5220.0
17,LA BATIE NEUVE,5230.0
65,GUILLESTRE,5600.0
164,SAVINES-LE-LAC,5160.0
85,MONTGENEVRE,5100.0
72,LAYE,5500.0
111,PUY-SANIERES,5200.0
133,SAINT-CHAFFREY,5330.0
88,NICE,6000.0
88,NICE,6300.0
88,NICE,6100.0
114,SAINT-ANDRE DE LA ROCHE,6730.0
149,LA TRINITE,6340.0
60,FALICON,6950.0
88,NICE,6200.0
83,MENTON,6500.0
104,ROQUEBRUNE CAP MARTIN,6190.0
12,BEAUSOLEIL,6240.0
162,LA BRIGUE,6430.0
132,SAORGE,6540.0
163,TENDE,6430.0
136,SOSPEL,6380.0
35,CASTELLAR,6500.0
36,CASTILLON,6500.0
67,GORBIO,6500.0
86,MOULINET,6380.0
23,BREIL-SUR-ROYA,6540.0
113,SAINTE-AGNES,6500.0
159,VILLEFRANCHE-SUR-MER,6230.0
73,ISOLA,6420.0
94,PEONE,6470.0
153,VALDEBLORE,6420.0
11,BEAULIEU SUR MER,6310.0
92,PEILLON,6440.0
54,DRAP,6340.0
57,L'ESCARENE,6440.0
32,CAP-D AIL,6320.0
158,VILLARS-SUR-VAR,6710.0
127,SAINT-MARTIN-VESUBIE,6450.0
14,BENDEJUN,6390.0
120,SAINT-ETIENNE-DE-TINEE,6660.0
126,SAINT-MARTIN-DU-VAR,6670.0
48,CONTES,6390.0
150,LA TURBIE,6320.0
71,GUILLAUMES,6470.0
91,PEILLE,6440.0
59,EZE,6360.0
66,GILETTE,6830.0
103,ROQUEBILLIERE,6450.0
46,COLOMARS,6670.0
121,SAINT-JEAN-CAP-FERRAT,6230.0
75,LEVENS,6670.0
16,BEUIL,6470.0
15,BERRE-LES-ALPES,6390.0
141,TOUDON,6830.0
19,BLAUSASC,6440.0
13,BELVEDERE,6450.0
77,LUCERAM,6440.0
74,LANTOSQUE,6450.0
6,ASPREMONT,6790.0
20,LA BOLLENE-VESUBIE,6450.0
102,RIMPLAS,6420.0
31,CANTARON,6340.0
42,CLANS,6420.0
109,LA ROQUETTE SUR VAR,6670.0
151,UTELLE,6450.0
99,PUGET-THENIERS,6260.0
30,LE CANNET,6110.0
84,MOUANS-SARTOUX,6370.0
155,VALLAURIS,6220.0
4,ANTIBES,6600.0
4,ANTIBES,6160.0
108,LA ROQUETTE SUR SIAGNE,6550.0
85,MOUGINS,6250.0
18,BIOT,6410.0
29,CANNES,6400.0
29,CANNES,6150.0
79,MANDELIEU-LA-NAPOULE,6210.0
69,GRASSE,6130.0
90,PEGOMAS,6580.0
138,THEOULE-SUR-MER,6590.0
33,CARROS,6510.0
157,VENCE,6140.0
118,SAINT-CEZAIRE-SUR-SIAGNE,6530.0
25,LE BROC,6510.0
130,SAINT-VALLIER-DE-THIEY,6460.0
65,LA GAUDE,6610.0
10,LE BAR-SUR-LOUP,6620.0
152,VALBONNE,6560.0
70,GREOLIERES,6620.0
95,PEYMEINADE,6530.0
3,ANDON,6750.0
27,CAGNES SUR MER,6800.0
161,VILLENEUVE-LOUBET,6270.0
123,SAINT LAURENT DU VAR,6700.0
44,LA COLLE SUR LOUP,6480.0
128,SAINT-PAUL-DE-VENCE,6570.0
259,SAINT-JUST-D'ARDECHE,7700.0
331,VALS-LES-BAINS,7600.0
42,BOURG-SAINT-ANDEOL,7700.0
100,GRAVIERES,7140.0
304,SALAVAS,7150.0
19,AUBENAS,7200.0
349,LA-VOULTE-SUR-RHONE,7800.0
186,PRIVAS,7000.0
55,CHARMES-SUR-RHONE,7800.0
330,VALLON PONT D'ARC,7150.0
116,LABEGUDE,7200.0
201,RUOMS,7120.0
131,LANAS,7200.0
296,SAINT-SERNIN,7200.0
240,SAINT-GEORGES-LES-BAINS,7800.0
346,VIVIERS,7220.0
279,SAINT-MONTAN,7220.0
255,ST JULIEN EN ST ALBAN,7000.0
268,SAINT-MARTIN-D' ARDECHE,7700.0
324,TOURNON-SUR-RHONE,7300.0
281,SAINT-PERAY,7130.0
102,GUILHERAND-GRANGES,7500.0
10,ANNONAY,7100.0
308,SARRAS,7370.0
89,FELINES,7340.0
245,SAINT-JEAN-DE-MUZOLS,7300.0
78,DAVEZIEUX,7430.0
105,CHARLEVILLE-MEZIERES,8000.0
190,GIVET,8600.0
385,SAINT-LAURENT,8090.0
362,RETHEL,8300.0
409,SEDAN,8200.0
90,CARIGNAN,8110.0
43,BALAN,8200.0
53,BAZEILLES,8140.0
322,USTOU,9140.0
282,SAVERDUN,9700.0
122,FOIX,9000.0
265,SAINT-JEAN-DU-FALGA,9100.0
176,LUZENAC,9250.0
32,AX-LES-THERMES,9110.0
194,MIREPOIX,9500.0
160,LAVELANET,9300.0
225,PAMIERS,9100.0
105,DAUMAZAN-SUR-ARIZE,9350.0
362,SAINTE SAVINE,10300.0
325,ROSIERES PRES TROYES,10430.0
323,ROMILLY SUR SEINE,10100.0
343,SAINT JULIEN LES VILLAS,10800.0
333,SAINT ANDRE LES VERGERS,10120.0
387,TROYES,10000.0
382,TRAINEL,10400.0
81,LA CHAPELLE ST LUC,10600.0
33,BAR SUR AUBE,10200.0
297,PONTSAINTE MARIE,10150.0
268,NOGENT SUR SEINE,10400.0
265,LES NOES PRES TROYES,10420.0
102,COLOMBE LA FOSSE,10200.0
123,DIENVILLE,10500.0
69,CARCASSONNE,11000.0
76,CASTELNAUDARY,11400.0
281,PEXIORA,11150.0
397,TREBES,11800.0
199,LAVALETTE,11290.0
206,LIMOUX,11300.0
310,RENNES LES BAINS,11190.0
144,FITOU,11510.0
379,SIGEAN,11130.0
266,PORT-LA-NOUVELLE,11210.0
170,GRUISSAN,11430.0
202,LEUCATE,11370.0
262,NARBONNE,11100.0
441,VINASSAN,11110.0
145,FLEURY D AUDE,11560.0
48,BOUTENAC,11200.0
285,PEYRIAC DE MER,11440.0
24,BAGES,11100.0
203,LEZIGNAN-CORBIERES,11200.0
370,SALLES D AUDE,11110.0
258,MOUSSAN,11120.0
106,COURSAN,11110.0
146,LE MONASTERE,12000.0
202,MARSEILLE 2EME,13002.0
204,MARSEILLE 4EME,13004.0
201,MARSEILLE 1ER,13001.0
216,MARSEILLE 16EME,13016.0
215,MARSEILLE 15EME,13015.0
203,MARSEILLE 3EME,13003.0
214,MARSEILLE 14EME,13014.0
214,MARSEILLE 14EME,13013.0
210,MARSEILLE 10EME,13010.0
207,MARSEILLE 7EME,13007.0
205,MARSEILLE 5EME,13005.0
206,MARSEILLE 6EME,13006.0
209,MARSEILLE 9EME,13009.0
5,AUBAGNE,13400.0
208,MARSEILLE 8EME,13008.0
119,CARNOUX-EN-PROVENCE,13470.0
22,CASSIS,13260.0
86,ROQUEVAIRE,13360.0
28,LA CIOTAT,13600.0
31,LA DESTROUSSE,13112.0
7,AURIOL,13390.0
70,LA PENNE SUR HUVEAUNE,13821.0
16,LA BOUILLADISSE,13720.0
101,SAINT SAVOURNIN,13119.0
85,ROQUEFORT LA BEDOULE,13830.0
73,PEYPIN,13124.0
46,GREASQUE,13850.0
42,GEMENOS,13420.0
30,CUGES LES PINS,13780.0
213,MARSEILLE 13EME,13013.0
212,MARSEILLE 12EME,13012.0
75,PLAN DE CUQUES,13380.0
211,MARSEILLE 11EME,13011.0
212,MARSEILLE 12EME,13004.0
2,ALLAUCH,13190.0
63,MIRAMAS,13140.0
103,SALON-DE-PROVENCE,13300.0
1,AIX EN PROVENCE,13100.0
87,ROUSSET,13790.0
33,ENSUES-LA-REDONNE,13820.0
26,CHATEAUNEUF-LES-MARTIGUES,13220.0
117,VITROLLES,13127.0
54,MARIGNANE,13700.0
43,GIGNAC-LA-NERTHE,13180.0
36,EYRAGUES,13630.0
100,SAINT-REMY-DE-PROVENCE,13210.0
4,ARLES,13200.0
45,GRAVESON,13690.0
35,EYGUIERES,13430.0
27,CHATEAURENARD,13160.0
118,CAEN,14000.0
409,MERVILLE FRANCEVILLE,14810.0
312,GRANDCAMP-MAISY,14450.0
366,LISIEUX,14100.0
333,HONFLEUR,14600.0
715,TROUVILLE-SUR-MER,14360.0
225,DIVES-SUR-MER,14160.0
754,VILLERS-SUR-MER,14640.0
220,DEAUVILLE,14800.0
338,HOULGATE,14510.0
514,PONT-L EVEQUE,14130.0
79,BLONVILLE-SUR-MER,14910.0
701,TOURGEVILLE,14800.0
699,TOUQUES,14800.0
59,BENERVILLE-SUR-MER,14910.0
229,DOZULE,14430.0
243,EQUEMAUVILLE,14600.0
557,SAINT-ARNOULT,14800.0
536,RIVIERE-SAINT-SAUVEUR (LA),14600.0
15,ANGOULEME,16000.0
291,RUELLE-SUR-TOUVRE,16600.0
374,SOYAUX,16800.0
28,BARBEZIEUX SAINT HILAIRE,16300.0
166,L'ISLE D'ESPAGNAC,16340.0
154,GOND PONTOUVRE,16160.0
341,SAINT-MICHEL,16470.0
414,SAINT-XANDRE,17138.0
300,LA ROCHELLE,17000.0
200,LAGORD,17140.0
274,PERIGNY,17180.0
94,CHATELAILLON-PLAGE,17340.0
28,AYTRE,17440.0
109,CLAVETTE,17220.0
207,LOIX,17111.0
369,SAINT-MARTIN-DE-RE,17410.0
127,COURCON,17170.0
286,LES PORTES-EN-RE,17880.0
291,PUILBOREAU,17138.0
142,DOMPIERRE-SUR-MER,17139.0
218,MARANS,17230.0
19,ARS-EN-RE,17590.0
10,ANGOULINS,17690.0
299,ROCHEFORT,17300.0
449,TONNAY CHARENTE,17430.0
168,FOURAS,17450.0
415,SAINTES,17100.0
421,SAUJON,17600.0
333,SAINT-GEORGES-DE-DIDONNE,17110.0
230,MESCHERS-SUR-GIRONDE,17132.0
34,BARZAN,17120.0
347,ST JEAN D'ANGELY,17400.0
279,VIERZON,18100.0
33,BOURGES,18000.0
207,SAINT-FLORENT-SUR-CHER,18400.0
141,MEHUN-SUR-YEVRE,18500.0
157,MORTHOMIERS,18570.0
5,ALLOUIS,18500.0
197,SAINT-AMAND-MONTROND,18200.0
15,AUBIGNY-SUR-NERE,18700.0
269,TREIGNAC,19260.0
272,TULLE,19000.0
275,USSEL,19200.0
31,BRIVE LA GAILLARDE,19100.0
274,USSAC,19270.0
243,SAINT-SORNIN-LAVOLPS,19230.0
123,MALEMORT,19360.0
202,SAINTE FEREOLE,19270.0
231,DIJON,21000.0
278,SAINT-BRIEUC,22000.0
54,ERQUY,22430.0
93,LAMBALLE-ARMOR,22400.0
206,CHATELAUDREN-PLOUAGAT,22170.0
106,LANGUEUX,22360.0
215,PLOUFRAGAN,22440.0
222,PLOUHA,22580.0
162,PAIMPOL,22500.0
186,PLENEUF-VAL-ANDRE,22370.0
325,SAINT-QUAY-PORTRIEUX,22410.0
187,PLERIN,22190.0
55,BINIC-ETABLES-SUR-MER,22680.0
81,HILLION,22120.0
360,TREGUEUX,22950.0
160,NOYAL,22400.0
209,BEAUSSAIS-SUR-MER,22650.0
50,DINAN,22100.0
282,SAINT-CAST-LE-GUILDO,22380.0
179,FREHEL,22240.0
339,TADEN,22100.0
94,LANCIEUX,22770.0
172,PLANCOET,22130.0
32,CAULNES,22350.0
118,LANVALLAY,22100.0
143,MATIGNON,22550.0
20,BROONS,22250.0
70,GUINGAMP,22200.0
225,PLOUMAGOAR,22970.0
168,PERROS-GUIREC,22700.0
113,LANNION,22300.0
362,TREGUIER,22220.0
379,TREVOU-TREGUIGNEC,22660.0
343,TREBEURDEN,22560.0
194,PLESTIN-LES-GREVES,22310.0
136,LOUDEAC,22600.0
176,LA SOUTERRAINE,23300.0
96,GUERET,23000.0
322,PERIGUEUX,24000.0
557,TRELISSAC,24750.0
53,BOULAZAC ISLE MANOIRE,24750.0
138,COULOUNIEIX-CHAMIERS,24660.0
37,BERGERAC,24100.0
335,PORT-SAINTE-FOY-ET-PONCHAPT,33220.0
362,VAL DE LOUYRE ET CAUDEAU,24510.0
226,LAMOTHE-MONTRAVEL,24230.0
547,TERRASSON LAVILLEDIEU,24120.0
520,SARLAT-LA-CANEDA,24200.0
356,ROUFFIGNAC-ST-CERNIN-DE-REILHA,24580.0
86,CASTELNAUD-LA-CHAPELLE,24250.0
56,BESANCON,25000.0
265,GENEUILLE,25870.0
527,SAINT VIT,25410.0
84,BOUSSIERES,25320.0
364,MAMIROLLE,25620.0
495,ROCHE LEZ BEAUPRE,25220.0
381,MISEREY SALINES,25480.0
73,BONNAY,25870.0
197,DELUZ,25960.0
35,LES AUXONS,25870.0
47,BAUME LES DAMES,25110.0
462,PONTARLIER,25300.0
293,GRANGES NARBOZ,25300.0
318,JOUGNE,25370.0
321,VILLERS LE LAC,25130.0
411,MORTEAU,25500.0
307,LES HOPITAUX NEUFS,25370.0
494,ROCHEJEAN,25370.0
434,ORNANS,25290.0
204,DOUBS,25300.0
578,VALDAHON,25800.0
157,LA CLUSE ET MIJOUX,25300.0
380,METABIEF,25370.0
222,ETALANS,25580.0
403,MONTLEBON,25500.0
413,MOUTHE,25240.0
254,LES FOURGS,25300.0
127,CHARQUEMONT,25140.0
31,AUDINCOURT,25400.0
539,SELONCOURT,25230.0
304,HERIMONCOURT,25310.0
388,MONTBELIARD,25200.0
281,ROMANS-SUR-ISERE,26100.0
362,VALENCE,26000.0
213,MORAS-EN-VALLOIRE,26210.0
198,MONTELIMAR,26200.0
57,BOURG-DE-PEAGE,26300.0
191,MONTBOUCHER-SUR-JABRON,26740.0
58,BOURG LES VALENCE,26500.0
64,CHABEUIL,26120.0
108,CREST,26400.0
116,DONZERE,26290.0
325,SAINT-RAMBERT-D ALBON,26140.0
114,DIEULEFIT,26220.0
357,TULETTE,26790.0
42,BEAUVALLON,26800.0
182,MIRABEL-AUX-BARONNIES,26110.0
166,LORIOL SUR DROME,26270.0
235,PIERRELATTE,26700.0
324,SAINT-PAUL-TROIS-CHATEAUX,26130.0
197,MONTELIER,26120.0
165,LIVRON SUR DROME,26250.0
252,PORTES LES VALENCE,26800.0
220,NYONS,26110.0
338,SAUZET,26740.0
301,SAINT-DONAT-SUR-L HERBASSE,26260.0
8,ANCONE,26200.0
322,SAINT-PANTALEON-LES-VIGNES,26770.0
290,SAINT-AGNAN-EN-VERCORS,26420.0
271,LA ROCHE DE GLUN,26600.0
218,MOURS-SAINT-EUSEBE,26540.0
333,SAINT VALLIER,26240.0
250,PONT DE L ISERE,26600.0
179,MERCUROL-VEAUNES,26600.0
347,TAIN L HERMITAGE,26600.0
37,BEAUMONT LES VALENCE,26760.0
211,MONTSEGUR-SUR-LAUZON,26130.0
247,PONSAS,26240.0
299,GRAVIGNY,27930.0
502,RUGLES,27250.0
230,EZY SUR EURE,27530.0
229,EVREUX,27000.0
448,PACY-SUR-EURE,27120.0
119,BUEIL,27730.0
681,VERNON,27200.0
562,ST MARCEL,27950.0
165,CONCHES EN OUCHE,27190.0
679,VERNEUIL D'AVRE ET D'ITON,27130.0
284,GISORS,27140.0
16,LES ANDELYS,27700.0
660,LA TRINITE DE REVILLE,27270.0
51,BEAUMONT LE ROGER,27170.0
56,BERNAY,27300.0
275,GAILLON,27600.0
85,CHARTRES,28000.0
168,GALLARDON,28320.0
110,LE COUDRAY,28630.0
140,EPERNON,28230.0
229,MAINVILLIERS,28300.0
391,TOURY,28310.0
191,HANCHES,28130.0
209,LEVES,28300.0
173,GASVILLE OISEME,28300.0
227,MAINTENON,28130.0
218,LUCE,28110.0
84,CHARTAINVILLIERS,28130.0
358,ST PREST,28300.0
172,GAS,28320.0
15,AUNEAU-BLEURY-SAINT-SYMPHORIEN,28700.0
220,LUISANT,28600.0
201,JOUY,28300.0
116,COURVILLE SUR EURE,28190.0
88,CHATEAUDUN,28200.0
334,ST DENIS-LANNERAY,28200.0
134,DREUX,28100.0
404,VERNOUILLET,28500.0
213,LORMAYE,28210.0
279,NOGENT-LE-ROI,28210.0
7,ANET,28260.0
94,CHAUDON,28210.0
348,ST LUBIN DES JONCHERETS,28350.0
89,CHATEAUNEUF EN THYMERAIS,28170.0
359,ST REMY SUR AVRE,28380.0
113,COULOMBS,28210.0
280,NOGENT LE ROTROU,28400.0
232,QUIMPER,29000.0
46,DOUARNENEZ,29100.0
233,QUIMPERLE,29300.0
39,CONCARNEAU,29900.0
217,PONT-AVEN,29930.0
31,CLOHARS CARNOET,29360.0
19,BREST,29200.0
260,SAINT RENAN,29290.0
45,DIRINON,29460.0
103,LANDERNEAU,29800.0
189,PLOUGASTEL-DAOULAS,29470.0
22,CAMARET-SUR-MER,29570.0
42,CROZON,29160.0
256,SAINT-NIC,29550.0
151,MORLAIX,29600.0
105,LANDIVISIAU,29400.0
23,CARANTEC,29660.0
254,SAINT-MARTIN-DES-CHAMPS,29600.0
188,PLOUGASNOU,29630.0
239,ROSCOFF,29680.0
247,PORTO-VECCHIO,20137.0
4,AJACCIO,20000.0
249,PROPRIANO,20110.0
4,AJACCIO,20090.0
272,SARTENE,20100.0
362,ZONZA,20144.0
41,BONIFACIO,20169.0
130,GROSSETO-PRUGNA,20128.0
139,LECCI,20137.0
18,ARBELLARA,20110.0
228,PIETROSELLA,20166.0
130,GROSSETO-PRUGNA,20166.0
348,VICO,20160.0
70,CASAGLIONE,20111.0
271,SARROLA-CARCOPINO,20167.0
21,ARGIUSTA-MORICCIO,20140.0
8,ALBITRECCIA,20166.0
276,SERRA-DI-FERRO,20140.0
85,CAURO,20117.0
200,PALNECA,20134.0
17,APPIETTO,20167.0
48,CALCATOGGIO,20111.0
215,PIANOTTOLI-CALDARELLO,20131.0
198,OTA,20150.0
35,BELVEDERE-CAMPOMORO,20110.0
288,SOTTA,20146.0
269,SARI-SOLENZARA,20145.0
139,LECCI,20000.0
189,OLMETO,20113.0
98,COTI-CHIAVARI,20138.0
71,CASALABRIVA,20140.0
324,TAVERA,20163.0
348,VICO,20118.0
254,QUENZA,20122.0
32,BASTELICACCIA,20129.0
212,PIANA,20115.0
90,COGGIA,20118.0
119,FRASSETO,20157.0
103,CUTTOLI-CORTICCHIATO,20167.0
312,SANTA-MARIA-SICHE,20190.0
90,COGGIA,20160.0
8,ALBITRECCIA,20128.0
349,VIGGIANELLO,20110.0
4,AJACCIO,
20,AREGNO,20220.0
134,L'ILE ROUSSE,20220.0
87,CERVIONE,20221.0
185,OLETTA,20232.0
133,LE GRAU DU ROI,30240.0
3,AIGUES-MORTES,30220.0
189,NIMES,30900.0
189,NIMES,30000.0
62,CALVISSON,30420.0
106,DURFORT-ET-SAINT-MARTIN-DE-,30170.0
341,VAUVERT,30600.0
60,CAISSARGUES,30132.0
169,MILHAUD,30540.0
82,CLARENSAC,30870.0
47,BOUILLARGUES,30230.0
125,GARONS,30128.0
321,SOMMIERES,30250.0
231,SAINT ANDRE DE VALBORGNE,30940.0
123,GALLARGUES-LE-MONTUEUX,30660.0
36,BERNIS,30620.0
4,AIGUES-VIVES,30670.0
249,SAINT-DIONISY,30980.0
126,GARRIGUES SAINTE EULALIE,30190.0
311,SAUVE,30610.0
61,LA CALMETTE,30190.0
140,LASALLE,30460.0
276,SAINT-LAURENT-D AIGOUZE,30220.0
20,AUBORD,30620.0
6,AIMARGUES,30470.0
356,RODILHAN,30230.0
309,SARDAN,30260.0
83,CODOGNAN,30920.0
17,ARRIGAS,30770.0
210,QUISSAC,30260.0
255,SAINT-GENIES-DE-MALGOIRES,30190.0
75,CAVEIRAC,30820.0
350,LE VIGAN,30120.0
325,SUMENE,30440.0
263,ST HIPPOLYTE DU FORT,30170.0
334,UZES,30700.0
128,GENERAC,30510.0
141,LAUDUN-L ARDOISE,30290.0
34,BELLEGARDE,30127.0
32,BEAUCAIRE,30300.0
351,VILLENEUVE LES AVIGNON,30400.0
288,SAINT-NAZAIRE,30200.0
156,MARGUERITTES,30320.0
166,MEYNES,30840.0
217,ROCHEFORT-DU-GARD,30650.0
11,LES ANGLES,30133.0
212,REMOULINS,30210.0
206,POULX,30320.0
202,PONT ST ESPRIT,30130.0
258,ST GILLES,30800.0
73,CASTILLON-DU-GARD,30210.0
260,SAINT-HILAIRE-D OZILHAN,30210.0
290,SAINT-PAULET-DE-CAISSON,30130.0
317,SERNHAC,30210.0
28,BAGNOLS SUR CEZE,30200.0
315,SAZE,30650.0
174,MONTAREN-ET-SAINT-MEDIERS,30700.0
179,MONTFRIN,30490.0
221,ROQUEMAURE,30150.0
7,ALES,30100.0
203,PORTES,30530.0
171,MOLIERES-SUR-CEZE,30410.0
37,BESSEGES,30160.0
253,SAINT-FLORENT-SUR-AUZONNET,30960.0
132,LA GRAND COMBE,30110.0
10,ANDUZE,30140.0
555,TOULOUSE,31400.0
555,TOULOUSE,31200.0
555,TOULOUSE,31000.0
555,TOULOUSE,31500.0
116,CASTELGINEST,31780.0
186,FONBEAUZARD,31140.0
44,BALMA,31130.0
163,DREMIL LAFAGE,31280.0
561,L UNION,31240.0
22,AUCAMVILLE,31140.0
182,FENOUILLET,31150.0
462,ROUFFIAC TOLOSAN,31180.0
205,GAGNAC SUR GARONNE,31150.0
446,RAMONVILLE ST AGNE,31520.0
488,ST JEAN,31240.0
282,LAUNAGUET,31140.0
184,FLOURENS,31130.0
555,TOULOUSE,31300.0
557,TOURNEFEUILLE,31170.0
149,COLOMIERS,31770.0
555,TOULOUSE,31100.0
69,BLAGNAC,31700.0
584,VILLEMUR SUR TARN,31340.0
32,AUSSONNE,31840.0
157,CUGNAUX,31270.0
232,GRENADE SUR GARONNE,31330.0
526,LA SALVETAT ST GILLES,31880.0
351,MONDONVILLE,31700.0
202,FRONTON,31620.0
56,BEAUZELLE,31700.0
66,BESSIERES,31660.0
113,CASTANET TOLOSAN,31320.0
582,VILLEFRANCHE-DE-LAURAGAIS,31290.0
396,NAILLOUX,31560.0
254,LABEGE,31670.0
451,REVEL,31250.0
506,ST ORENS DE GAMEVILLE,31650.0
271,LANTA,31570.0
259,LACROIX FALGARDE,31120.0
35,AUZEVILLE-TOLOSANE,31320.0
169,ESCALQUENS,31750.0
358,MONTASTRUC LA CONSEILLERE,31380.0
429,POMPERTUZAT,31450.0
48,BAZIEGE,31450.0
203,FROUZINS,31270.0
13,AUCH,32000.0
107,CONDOM,32100.0
96,CAZAUBON,32150.0
147,GIMONT,32200.0
160,L ISLE JOURDAIN,32600.0
63,BORDEAUX,33200.0
376,SAINT AUBIN DE MEDOC,33160.0
312,PAREMPUYRE,33290.0
449,SAINT MEDARD EN JALLES,33160.0
63,BORDEAUX,33000.0
63,BORDEAUX,33300.0
75,BRUGES,33520.0
214,LACANAU,33680.0
69,LE BOUSCAT,33110.0
200,LE HAILLAN,33185.0
162,EYSINES,33320.0
256,LUDON MEDOC,33290.0
297,MOULIS-EN-MEDOC,33480.0
519,LE TAILLAN MEDOC,33320.0
104,CASTELNAU-DE-MEDOC,33480.0
56,BLANQUEFORT,33290.0
268,MARGAUX CANTENAC,33460.0
63,BORDEAUX,33800.0
39,BEGLES,33130.0
281,MERIGNAC,33700.0
192,GRADIGNAN,33170.0
522,TALENCE,33400.0
318,PESSAC,33600.0
550,VILLENAVE D ORNON,33140.0
422,SAINT JEAN D ILLAC,33127.0
273,MARTIGNAS SUR JALLE,33127.0
90,CANEJAN,33610.0
122,CESTAS,33610.0
81,CADILLAC,33410.0
51,BIGANOS,33380.0
9,ARCACHON,33120.0
96,CARBON BLANC,33560.0
80,CADAUJAC,33140.0
529,LA TESTE-DE-BUCH,33260.0
199,GUJAN MESTRAS,33470.0
119,CENON,33150.0
167,FLOIRAC,33270.0
533,TOULENNE,33210.0
5,ANDERNOS-LES-BAINS,33510.0
63,BORDEAUX,33100.0
249,LORMONT,33310.0
13,ARTIGUES-PRES-BORDEAUX,33370.0
311,PAILLET,33550.0
236,LEGE-CAP-FERRET,33970.0
527,LE TEICH,33470.0
483,ST SULPICE ET CAMEYRAC,33450.0
140,CREON,33670.0
498,SALLES,33770.0
535,TRESSES,33370.0
415,SAINT GERVAIS,33240.0
11,ARES,33740.0
165,FARGUES SAINT HILAIRE,33370.0
227,LANGON,33210.0
238,LEOGNAN,33850.0
236,LEGE-CAP-FERRET,33950.0
337,PREIGNAC,33210.0
434,ST LOUIS DE MONTFERRAND,33440.0
234,LATRESNE,33360.0
19,AUDENGE,33980.0
201,HAUX,33550.0
3,AMBARES-ET-LAGRAVE,33440.0
381,ST CAPRAIS DE BORDEAUX,33880.0
229,LANTON,33138.0
30,BARSAC,33720.0
29,LE BARP,33114.0
32,BASSENS,33530.0
226,LANGOIRAN,33550.0
554,YVRAC,33370.0
293,MONTUSSAN,33450.0
36,BAZAS,33430.0
366,SAINT-ANDRE-DE-CUBZAC,33240.0
99,CARIGNAN-DE-BORDEAUX,33360.0
284,MIOS,33380.0
534,LE TOURNE,33550.0
555,MARCHEPRIME,33380.0
529,LA TESTE-DE-BUCH,33115.0
109,CASTRES GIRONDE,33640.0
241,LESTIAC-SUR-GARONNE,33550.0
213,LA BREDE,33650.0
433,SAINT LOUBES,33450.0
397,SAINTE EULALIE,33560.0
195,GRIGNOLS,33690.0
185,GENISSAC,33420.0
243,LIBOURNE,33500.0
108,CASTILLON-LA-BATAILLE,33350.0
58,BLAYE,33390.0
324,PINEUILH,33220.0
492,SAINT-YZAN-DE-SOUDIAC,33920.0
466,SAINT-QUENTIN-DE-BARON,33750.0
473,SAINT-SAVIN,33920.0
138,COUTRAS,33230.0
478,ST-SEURIN-SUR-L ISLE,33660.0
402,SAINTE-FOY-LA-GRANDE,33220.0
389,SAINT-CIERS-SUR-GIRONDE,33820.0
539,VAYRES,33870.0
352,LA REOLE,33190.0
435,SAINT-MACAIRE,33490.0
506,SAUVETERRE-DE-GUYENNE,33540.0
97,CARCANS,33121.0
514,SOULAC-SUR-MER,33780.0
203,HOURTIN,33990.0
424,SAINT LAURENT MEDOC,33112.0
544,LE VERDON SUR MER,33123.0
240,LESPARRE-MEDOC,33340.0
545,VERTHEUIL,33180.0
490,SAINT-VIVIEN-DE-MEDOC,33590.0
172,MONTPELLIER,34080.0
172,MONTPELLIER,34000.0
172,MONTPELLIER,34070.0
172,MONTPELLIER,34090.0
192,PALAVAS-LES-FLOTS,34250.0
154,MAUGUIO,34130.0
123,JUVIGNAC,34990.0
198,PEROLS,34470.0
90,LE CRES,34920.0
344,LA GRANDE MOTTE,34280.0
57,CASTELNAU LE LEZ,34170.0
129,LATTES,34970.0
240,SAINT-AUNES,34130.0
270,SAINT-JEAN-DE-VEDAS,34430.0
116,GRABELS,34790.0
108,FRONTIGNAN,34110.0
301,SETE,34200.0
333,VIC-LA-GARDIOLE,34110.0
39,BOUZIGUES,34140.0
23,BALARUC LES BAINS,34540.0
327,VENDARGUES,34740.0
111,GANGES,34190.0
145,LUNEL,34400.0
79,CLERMONT L HERAULT,34800.0
255,SAINT-GELY-DU-FESC,34980.0
157,MEZE,34140.0
307,SUSSARGUES,34160.0
151,MARSILLARGUES,34590.0
113,GIGEAN,34770.0
120,JACOU,34830.0
152,MAS-DE-LONDRES,34380.0
247,SAINT CLEMENT DE RIVIERE,34980.0
58,CASTRIES,34160.0
22,BAILLARGUES,34670.0
213,POUSSAN,34560.0
128,LAROQUE,34190.0
165,MONTBAZIN,34560.0
217,PRADES-LE-LEZ,34730.0
27,BEAULIEU,34160.0
24,BALARUC LE VIEUX,34540.0
288,SAINT-SERIES,34400.0
337,VILLENEUVE-LES-MAGUELONE,34750.0
244,SAINT-BRES,34670.0
204,PLAISSAN,34230.0
142,LODEVE,34700.0
254,SAINT-FELIX-DE-LODEZ,34725.0
143,LOUPIAN,34140.0
67,CAZILHAC,34190.0
282,SAINT PAUL ET VALMALLE,34570.0
239,SAINT-ANDRE-DE-SANGONIS,34725.0
215,POUZOLS,34230.0
14,ASSAS,34820.0
246,ENTRE-VIGNES,34400.0
180,NEBIAN,34800.0
249,SAINT-DREZERY,34160.0
114,GIGNAC,34150.0
173,MONTPEYROUX,34150.0
163,MONTARNAUD,34570.0
324,VALRAS-PLAGE,34350.0
75,CESSERAS,34210.0
32,BEZIERS,34500.0
299,SERIGNAN,34410.0
3,AGDE,34300.0
199,PEZENAS,34120.0
150,MARSEILLAN,34340.0
28,BEDARIEUX,34600.0
329,VENDRES,34350.0
332,VIAS,34450.0
225,PUISSERGUIER,34620.0
63,CAUX,34720.0
161,MONTADY,34310.0
126,LAMALOU-LES-BAINS,34240.0
37,BOUJAN-SUR-LIBRON,34760.0
209,PORTIRAGNES,34420.0
207,POMEROLS,34810.0
210,PACE,35740.0
32,BOURGBARRE,35230.0
238,RENNES,35200.0
24,BETTON,35830.0
51,CESSON-SEVIGNE,35510.0
238,RENNES,35000.0
206,NOYAL-CHATILLON-SUR-SEICHE,35230.0
238,RENNES,35700.0
55,CHANTEPIE,35135.0
353,VEZIN-LE-COQUET,35132.0
47,BRUZ,35170.0
66,CHARTRES-DE-BRETAGNE,35131.0
281,ST JACQUES DE LA LANDE,35136.0
278,SAINT-GREGOIRE,35760.0
352,VERN-SUR-SEICHE,35770.0
59,LA CHAPELLE DES FOUGERETZ,35520.0
363,PONT-PEAN,35131.0
1,ACIGNE,35690.0
216,PARTHENAY-DE-BRETAGNE,35850.0
208,ORGERES,35230.0
173,MELESSE,35520.0
76,CHAVAGNE,35310.0
135,IRODOUER,35850.0
251,SAINT-AUBIN-D AUBIGNE,35250.0
37,BREAL-SOUS-MONTFORT,35310.0
196,MORDELLES,35310.0
184,MONTAUBAN-DE-BRETAGNE,35360.0
152,LIFFRE,35340.0
69,CHATEAUGIRON,35410.0
240,LE RHEU,35650.0
40,BRETEIL,35160.0
204,NOUVOITOU,35410.0
23,BEDEE,35137.0
136,JANZE,35150.0
334,THORIGNE-FOUILLARD,35235.0
297,SAINT-MEEN-LE-GRAND,35290.0
188,MONTFORT-SUR-MEU,35160.0
131,L'HERMITAGE,35590.0
130,HEDE-BAZOUGES,35630.0
177,LA MEZIERE,35520.0
250,SAINT-ARMEL,35230.0
326,SENS-DE-BRETAGNE,35490.0
195,MONTREUIL-SUR-ILLE,35440.0
123,GOVEN,35580.0
236,REDON,35600.0
12,BAIN-DE-BRETAGNE,35470.0
57,LA CHAPELLE BOUEXIC,35330.0
126,GUICHEN,35580.0
231,POLIGNE,35320.0
33,BOURG-DES-COMPTES,35890.0
288,SAINT-MALO,35400.0
93,DINARD,35800.0
226,PLEUGUENEUC,35720.0
287,SAINT-LUNAIRE,35800.0
49,CANCALE,35260.0
228,PLEURTUIT,35730.0
95,DOL DE BRETAGNE,35120.0
256,SAINT-BRIAC-SUR-MER,35800.0
179,MINIAC-MORVAN,35540.0
122,LA GOUESNIERE,35350.0
241,LA RICHARDAIS,35780.0
265,SAINT-DOMINEUC,35190.0
362,LE TRONCHET,35540.0
247,ROZ-SUR-COUESNON,35610.0
299,SAINT-MELOIR-DES-ONDES,35350.0
284,SAINT-JOUAN-DES-GUERETS,35430.0
96,DOMAGNE,35113.0
125,LA GUERCHE-DE-BRETAGNE,35130.0
360,VITRE,35500.0
68,CHATEAUBOURG,35220.0
239,RETIERS,35240.0
347,VAL-D'IZE,35450.0
44,CHATEAUROUX,36000.0
46,LA CHATRE,36400.0
122,JOUE LES TOURS,37300.0
261,TOURS,37000.0
195,LA RICHE,37520.0
261,TOURS,37100.0
156,MONTLOUIS-SUR-LOIRE,37270.0
233,SAINT-PIERRE-DES-CORPS,37700.0
261,TOURS,37200.0
208,SAINT AVERTIN,37550.0
109,FONDETTES,37230.0
214,SAINT CYR SUR LOIRE,37540.0
172,NOTRE-DAME-D OE,37390.0
203,ROCHECORBON,37210.0
151,LA MEMBROLLE-SUR-CHOISILLE,37390.0
18,BALLAN MIRE,37510.0
50,CHAMBRAY LES TOURS,37170.0
3,AMBOISE,37400.0
196,RICHELIEU,37120.0
31,BOURGUEIL,37140.0
132,LOCHES,37600.0
115,DESCARTES,37160.0
185,GRENOBLE,38000.0
185,GRENOBLE,38100.0
421,SAINT-MARTIN-D'HERES,38400.0
179,GIERES,38610.0
516,LA TRONCHE,38700.0
229,MEYLAN,38240.0
249,MONTBONNOT-SAINT-MARTIN,38330.0
151,ECHIROLLES,38130.0
431,SAINT-NAZAIRE-LES-EYMES,38330.0
45,BIVIERS,38330.0
397,SAINT-ISMIER,38330.0
158,EYBENS,38320.0
309,POISAT,38320.0
126,CORENC,38700.0
503,LA TERRASSE,38660.0
563,VOIRON,38500.0
150,DOMENE,38420.0
175,FROGES,38190.0
314,PONTCHARRA,38530.0
562,VIZILLE,38220.0
382,SAINT-EGREVE,38120.0
170,FONTANIL-CORNILLON,38120.0
439,CRETS EN BELLEDONNE,38830.0
423,SAINT-MARTIN-LE-VINOUX,38950.0
501,TENCIN,38570.0
6,ALLEVARD,38580.0
547,VILLARD-BONNOT,38190.0
163,LE HAUT-BREDA,38580.0
422,SAINT-MARTIN-D'URIAGE,38410.0
565,VOREPPE,38340.0
567,CHAMROUSSE,38410.0
61,LA BUISSE,38500.0
279,NOTRE-DAME-DE-MESAGE,38220.0
442,SAINT-PIERRE-DE-CHARTREUSE,38380.0
59,BRIE-ET-ANGONNES,38320.0
181,GONCELIN,38570.0
528,VAULNAVEYS-LE-BAS,38410.0
2,LES ADRETS,38190.0
538,LE VERSOUD,38420.0
100,LE CHEYLAS,38570.0
383,SAINT-ETIENNE-DE-CROSSEY,38960.0
140,CROLLES,38920.0
186,GRESSE-EN-VERCORS,38650.0
191,HUEZ,38750.0
253,LES DEUX ALPES,38860.0
474,SASSENAGE,38360.0
225,AUTRANS-MEAUDRE EN VERCORS,38112.0
485,SEYSSINET-PARISET,38170.0
548,VILLARD-DE-LANS,38250.0
169,FONTAINE,38600.0
527,VAUJANY,38114.0
129,CORRENCON-EN-VERCORS,38250.0
225,AUTRANS-MEAUDRE EN VERCORS,38880.0
317,LE PONT-DE-CLAIX,38800.0
111,CLAIX,38640.0
128,CORPS,38970.0
52,LE BOURG-D'OISANS,38520.0
40,BESSE,38142.0
20,AURIS,38142.0
205,LANS-EN-VERCORS,38250.0
187,LE GUA,38450.0
377,SAINT-CLAIR-DE-LA-TOUR,38110.0
53,BOURGOIN-JALLIEU,38300.0
553,VILLEFONTAINE,38090.0
408,SAINT-JUST-CHALEYSSIN,38540.0
193,L'ISLE-D'ABEAU,38080.0
537,LA VERPILLIERE,38290.0
11,ANTHON,38280.0
316,PONT-DE-CHERUY,38230.0
337,RIVES,38140.0
384,SAINT-ETIENNE-DE-SAINT-GEOIRS,38590.0
416,SAINT-MARCELLIN,38160.0
400,SAINT-JEAN-DE-MOIRANS,38430.0
517,TULLINS,38210.0
559,VINAY,38470.0
239,MOIRANS,38430.0
30,BEAUCROISSANT,38140.0
387,SAINT-GEOIRS,38590.0
347,ROYBON,38940.0
194,IZEAUX,38140.0
470,LES ROUSSES,39220.0
478,SAINT-CLAUDE,39200.0
198,DOLE,39100.0
97,CHAMPAGNOLE,39300.0
13,ARBOIS,39600.0
526,TAVAUX,39500.0
368,HAUTS DE BIENNE,39400.0
501,SAMPANS,39100.0
300,LONS LE SAUNIER,39000.0
510,SEPTMONCEL LES MOLUNES,39310.0
59,BOIS-D AMONT,39220.0
441,PREMANON,39220.0
434,POLIGNY,39800.0
411,PERRIGNY,39570.0
362,MONTMOROT,39570.0
392,OFFLANGES,39290.0
286,LAVANS-LES-SAINT-CLAUDE,39170.0
500,SALINS LES BAINS,39110.0
333,MOIRANS-EN-MONTAGNE,39260.0
154,CLAIRVAUX-LES-LACS,39130.0
47,BELLEFONTAINE,39400.0
453,RAVILLOLES,39170.0
266,ST-JULIEN-EN-BORN,40170.0
88,DAX,40100.0
284,ST-VINCENT-DE-TYROSSE,40230.0
317,TOSSE,40230.0
281,SAINT-PIERRE-DU-MONT,40280.0
187,MOLIETS-ET-MAA,40660.0
224,PEYREHORADE,40300.0
296,SEIGNOSSE,40510.0
192,MONT-DE-MARSAN,40000.0
312,TARNOS,40220.0
304,SOORTS-HOSSEGOR,40150.0
261,ST-GEOURS-MAREMNE,40230.0
287,SANGUINET,40460.0
326,VIELLE-ST-GIRONS,40560.0
328,VIEUX BOUCAU-LES-BAINS,40480.0
157,LIT ET MIXE,40170.0
46,BISCARROSSE,40600.0
279,ST-PAUL-LES-DAX,40990.0
65,CAPBRETON,40130.0
133,LABENNE,40530.0
310,SOUSTONS,40140.0
209,ONDRES,40440.0
195,MONTGAILLARD,40500.0
1,AIRE-SUR-L'ADOUR,40800.0
273,ST-MARTIN-DE-SEIGNANX,40390.0
4,ANGRESSE,40150.0
184,MIMIZAN,40200.0
119,HAGETMAU,40700.0
211,ORIST,40300.0
150,LEON,40550.0
272,ST-MARTIN-DE-HINX,40390.0
43,BIAS,40170.0
235,POYANNE,40380.0
283,ST-VINCENT-DE-PAUL,40990.0
243,RION-DES-LANDES,40370.0
313,TARTAS,40400.0
19,AUREILHAN,40200.0
282,SAINT-SEVER,40500.0
217,PARENTIS EN BORN,40160.0
36,BENESSE-MAREMNE,40230.0
269,VENDOME,41100.0
18,BLOIS,41000.0
151,MONTRICHARD VAL DE CHER,41400.0
128,MAROLLES,41330.0
194,ROMORANTIN-LANTHENAY,41200.0
295,VINEUIL,41350.0
47,LA CHAUSSEE SAINT VICTOR,41260.0
276,VILLEBAROU,41000.0
218,SAINT-ETIENNE,42000.0
218,SAINT-ETIENNE,42100.0
237,SAINT-JEAN-BONNEFONDS,42650.0
305,LA TALAUDIERE,42350.0
223,SAINT GENEST LERPT,42530.0
225,GENILAC,42800.0
95,FIRMINY,42700.0
271,SAINT-PAUL-EN-JAREZ,42740.0
207,SAINT-CHAMOND,42400.0
183,LA RICAMARIE,42150.0
189,ROCHE-LA-MOLIERE,42230.0
103,LA GRAND-CROIX,42320.0
242,SAINT-JOSEPH,42800.0
275,SAINT-PRIEST-EN-JAREZ,42270.0
168,PELUSSIN,42410.0
97,LA FOUILLOUSE,42480.0
92,L ETRAT,42580.0
330,VILLARS,42390.0
123,LORETTE,42420.0
44,LE CHAMBON-FEUGEROLLES,42500.0
99,FRAISSES,42490.0
302,SORBIERS,42290.0
56,CHAVANAY,42410.0
186,RIVE-DE-GIER,42800.0
93,FARNAY,42320.0
270,SAINT-PAUL-EN-CORNILLON,42240.0
316,UNIEUX,42240.0
110,L HORME,42152.0
299,SAVIGNEUX,42600.0
256,SAINT-MARCELLIN-EN-FOREZ,42680.0
5,ANDREZIEUX-BOUTHEON,42160.0
59,CHAZELLES SUR LYON,42140.0
19,BOEN-SUR-LIGNON,42130.0
147,MONTBRISON,42600.0
323,VEAUCHE,42340.0
149,MONTROND-LES-BAINS,42210.0
279,SAINT-JUST-SAINT-RAMBERT,42170.0
222,SAINT-GALMIER,42330.0
94,FEURS,42110.0
285,SAINT-ROMAIN-LE-PUY,42610.0
204,SAINT-BONNET-LE-CHATEAU,42380.0
301,SOLEYMIEUX,42560.0
39,CHALMAZEL-JEANSAGNIERE,42920.0
180,PRECIEUX,42600.0
187,ROANNE,42300.0
52,CHARLIEU,42190.0
332,VILLEREST,42300.0
248,SAINT-JUST-EN-CHEVALET,42430.0
184,RIORGES,42153.0
156,NEULISE,42590.0
71,LE COTEAU,42120.0
127,MABLY,42300.0
11,BALBIGNY,42510.0
170,PERREUX,42120.0
26,BRIENNON,42720.0
232,SAINT-HAON-LE-CHATEL,42370.0
157,LE PUY EN VELAY,43000.0
224,SAINTE-SIGOLENE,43600.0
236,SEAUVE-SUR-SEMENE (LA),43140.0
213,SAINT-PAL-DE-MONS,43620.0
51,LE CHAMBON SUR LIGNON,43400.0
112,LANGEAC,43300.0
89,ESPALY-SAINT-MARCEL,43000.0
177,SAINT-DIDIER-EN-VELAY,43140.0
41,BRIVES-CHARENSAC,43700.0
12,AUREC-SUR-LOIRE,43110.0
7,ARAULES,43200.0
262,VIEILLE-BRIOUDE,43100.0
153,PONT-SALOMON,43330.0
40,BRIOUDE,43100.0
268,YSSINGEAUX,43200.0
25,BEAUZAC,43590.0
205,SAINT JUST MALMONT,43240.0
109,NANTES,44000.0
190,ST SEBASTIEN SUR LOIRE,44230.0
109,NANTES,44300.0
109,NANTES,44100.0
109,NANTES,44200.0
162,ST-HERBLAIN,44800.0
74,INDRE,44610.0
204,THOUARE-SUR-LOIRE,44470.0
35,CHAPELLE-SUR-ERDRE (LA),44240.0
143,REZE,44400.0
20,BOUGUENAIS,44340.0
201,SUCE-SUR-ERDRE,44240.0
188,ST-PHILBERT-DE-GRAND-LIEU,44310.0
9,BASSE-GOULAINE,44115.0
209,TREILLIERES,44119.0
82,LIGNE,44850.0
198,SORINIERES (LES),44840.0
2,AIGREFEUILLE SUR MAINE,44140.0
26,CARQUEFOU,44470.0
87,MACHECOUL-SAINT-MEME,44270.0
172,SAINTE-LUCE-SUR-LOIRE,44980.0
107,MOUZEIL,44850.0
70,HAIE-FOUASSIERE (LA),44690.0
114,ORVAULT,44700.0
215,VERTOU,44120.0
3,ANCENIS-SAINT-GEREON,44150.0
88,MAISDON-SUR-SEVRE,44690.0
43,CLISSON,44190.0
169,SAINT-JULIEN-DE-CONCELLES,44450.0
18,BOUAYE,44830.0
130,PONT-SAINT-MARTIN,44860.0
66,GRANDCHAMP-DES-FONTAINES,44119.0
84,LOROUX-BOTTEREAU (LE),44430.0
144,RIAILLE,44440.0
213,LOIREAUXENCE,44370.0
194,SAUTRON,44880.0
32,CHAPELLE-HEULIN (LA),44330.0
12,LA BERNERIE EN RETZ,44760.0
154,SAINT BREVIN LES PINS,44250.0
131,PORNIC,44210.0
182,SAINT-MICHEL-CHEF-CHEF,44730.0
126,LA PLAINE-SUR-MER,44770.0
186,SAINTE PAZANNE,44680.0
187,SAINT-PERE-EN-RETZ,44320.0
101,LA MONTAGNE,44620.0
120,PELLERIN (LE),44640.0
116,PAIMBOEUF,44560.0
136,PREFAILLES,44770.0
132,PORNICHET,44380.0
184,SAINT-NAZAIRE,44600.0
47,COUERON,44220.0
13,BESNE,44160.0
15,BLAIN,44130.0
210,TRIGNAC,44570.0
98,MISSILLAC,44780.0
103,MONTOIR-DE-BRETAGNE,44550.0
158,SAINT-ETIENNE-DE-MONTLUC,44360.0
195,SAVENAY,44260.0
67,GUEMENE PENFAO,44290.0
176,SAINT-MALO-DE-GUERSAC,44550.0
189,SAINTE-REINE-DE-BRETAGNE,44160.0
203,LE TEMPLE DE BRETAGNE,44360.0
185,SAINT-NICOLAS-DE-REDON,44460.0
52,DONGES,44480.0
25,CAMPBON,44750.0
217,VIGNEUX DE BRETAGNE,44360.0
135,LE POULIGUEN,44510.0
69,GUERANDE,44350.0
211,LA TURBALLE,44420.0
10,BATZ-SUR-MER,44740.0
55,LA BAULE-ESCOUBLAC,44500.0
97,MESQUER,44420.0
49,LE CROISIC,44490.0
151,SAINT-ANDRE-DES-EAUX,44117.0
125,PIRIAC-SUR-MER,44420.0
183,SAINT MOLF,44350.0
110,NORT SUR ERDRE,44390.0
36,CHATEAUBRIANT,44110.0
284,ST JEAN DE BRAYE,45800.0
234,ORLEANS,45000.0
232,OLIVET,45160.0
75,LA CHAPELLE ST MESMIN,45380.0
285,ST JEAN DE LA RUELLE,45140.0
286,SAINT-JEAN-LE-BLANC,45650.0
234,ORLEANS,45100.0
72,CHANTEAU,45400.0
282,SAINT-HILAIRE-SAINT-MESMIN,45160.0
147,FLEURY LES AUBRAIS,45400.0
169,INGRE,45140.0
308,SEMOY,45400.0
298,SAINT-PRYVE-SAINT-MESMIN,45750.0
302,SARAN,45770.0
274,SAINT-DENIS-EN-VAL,45560.0
89,CHECY,45430.0
46,BOULAY-LES-BARRES,45140.0
28,BEAUGENCY,45190.0
6,ARDON,45160.0
146,LA FERTE SAINT-AUBIN,45240.0
224,NEUVILLE-AUX-BOIS,45170.0
179,LAILLY EN VAL,45740.0
82,CHATEAUNEUF S LOIRE,45110.0
173,JARGEAU,45150.0
300,SANDILLON,45640.0
203,MEUNG-SUR-LOIRE,45130.0
248,PATAY,45310.0
208,MONTARGIS,45200.0
68,CHALETTE-SUR-LOING,45120.0
281,SAINT-HILAIRE-LES-ANDRESIS,45320.0
4,AMILLY,45200.0
61,CEPOY,45120.0
258,PUISEAUX,45390.0
191,LE MALESHERBOIS,45330.0
252,PITHIVIERS,45300.0
30,BEAUNE-LA-ROLANDE,45340.0
155,GIEN,45500.0
315,SULLY-SUR-LOIRE,45600.0
53,BRIARE,45250.0
42,CAHORS,46000.0
201,LE PASSAGE,47520.0
1,AGEN,47000.0
145,LAYRAC,47390.0
128,LAFOX,47240.0
52,CASTELJALOUX,47700.0
31,BOE,47550.0
69,COLAYRAC ST CIRQ,47450.0
195,NERAC,47600.0
4,AIGUILLON,47190.0
157,MARMANDE,47200.0
310,TONNEINS,47400.0
323,VILLENEUVE SUR LOT,47300.0
324,VILLEREAL,47210.0
106,FUMEL,47500.0
175,MONFLANQUIN,47150.0
55,CASTELNAUD DE GRATECAMBE,47290.0
95,MENDE,48000.0
80,LANGOGNE,48300.0
96,MEYRUEIS,48150.0
92,MARVEJOLS,48100.0
27,MONT LOZERE ET GOULET,48190.0
198,VILLEFORT,48800.0
9,PEYRE EN AUBRAC,48130.0
7,ANGERS,49000.0
7,ANGERS,49100.0
246,LES PONTS DE CE,49130.0
347,TIERCE,49125.0
267,SAINT-BARTHELEMY-D ANJOU,49124.0
223,MURS-ERIGNE,49610.0
353,TRELAZE,49800.0
278,STE GEMMES SUR LOIRE,49130.0
90,CHEFFES,49125.0
323,VERRIERES-EN-ANJOU,49480.0
323,VERRIERES-EN-ANJOU,49112.0
377,RIVES-DU-LOIR-EN-ANJOU,49140.0
50,BRISSAC LOIRE AUBANCE,49320.0
15,AVRILLE,49240.0
283,SAINT-GEORGES-SUR-LOIRE,49170.0
35,BOUCHEMAINE,49080.0
214,MONTREUIL-JUIGNE,49460.0
99,CHOLET,49300.0
92,CHEMILLE-EN-ANJOU,49120.0
355,TREMENTINES,49340.0
23,BEAUPREAU-EN-MAUGES,49450.0
23,BEAUPREAU-EN-MAUGES,49600.0
343,LA TESSOUALLE,49280.0
328,SAUMUR,49400.0
140,FONTEVRAUD L ABBAYE,49590.0
194,MAZE-MILON,49630.0
331,SEGRE-EN-ANJOU BLEU,49500.0
2,AGNEAUX,50180.0
502,SAINT-LO,50000.0
356,MOON-SUR-ELLE,50680.0
99,CARENTAN LES MARAIS,50500.0
218,GRANVILLE,50400.0
25,AVRANCHES,50300.0
391,GRANDPARIGNY,50600.0
165,DONVILLE-LES-BAINS,50350.0
484,SAINT-HILAIRE-DU-HARCOUET,50600.0
74,BRECEY,50370.0
66,JULLOUVILLE,50610.0
410,PONTORSON,50170.0
129,CHERBOURG-EN-COTENTIN,50100.0
129,CHERBOURG-EN-COTENTIN,50470.0
129,CHERBOURG-EN-COTENTIN,50110.0
129,CHERBOURG-EN-COTENTIN,50130.0
129,CHERBOURG-EN-COTENTIN,50120.0
147,COUTANCES,50200.0
481,SAINT-GERMAIN-SUR-AY,50430.0
197,GAVRAY-SUR-SIENNE,50450.0
215,GOUVILLE-SUR-MER,50560.0
3,AGON-COUTAINVILLE,50230.0
403,PIROU,50770.0
394,PERIERS,50190.0
267,LESSAY,50430.0
236,LA HAYE,50250.0
31,BARNEVILLE-CARTERET,50270.0
562,SAINT-VAAST-LA-HOUGUE,50550.0
33,BAUBIGNY,50270.0
615,VALOGNES,50700.0
412,PORT-BAIL-SUR-MER,50580.0
108,CHALONS EN CHAMPAGNE,51000.0
506,SAINT-MEMMIE,51470.0
507,SAINTE MENEHOULD,51800.0
65,BLACY,51300.0
649,VITRY LE FRANCOIS,51300.0
262,FRIGNICOURT,51300.0
230,EPERNAY,51200.0
217,DORMANS,51700.0
643,VINAY,51530.0
196,CRAMANT,51530.0
29,AVIZE,51190.0
346,MAREUIL-LE-PORT,51700.0
454,REIMS,51100.0
573,TINQUEUX,51430.0
210,DIZY,51530.0
30,AY-CHAMPAGNE,51160.0
172,CORMONTREUIL,51350.0
474,SAINT BRICE COURCELLES,51370.0
152,CHIGNY-LES-ROSES,51500.0
536,SILLERY,51500.0
55,BETHENY,51450.0
58,BEZANNES,51430.0
250,FISMES,51170.0
662,WITRY-LES-REIMS,51420.0
663,MAGENTA,51530.0
28,AVENAY-VAL-D'OR,51160.0
353,NOGENT,52800.0
121,CHAUMONT,52000.0
269,LANGRES,52200.0
62,CHATEAU-GONTIER-SUR-MAYENNE,53200.0
73,CONGRIER,53800.0
130,LAVAL,53000.0
54,CHANGE,53810.0
216,ST FRAIMBAULT DE PRIERES,53300.0
147,MAYENNE,53100.0
184,ESSEY LES NANCY,54270.0
395,NANCY,54000.0
547,VANDOEUVRE LES NANCY,54500.0
431,PONT A MOUSSON,54700.0
482,SAINT MAX,54130.0
274,JARVILLE LA MALGRANGE,54140.0
339,MALZEVILLE,54220.0
578,VILLERS LES NANCY,54600.0
115,CHAMPIGNEULLES,54250.0
364,MEREVILLE,54850.0
439,PULNOY,54425.0
357,MAXEVILLE,54320.0
304,LAXOU,54520.0
215,FROUARD,54390.0
90,BOUXIERES-AUX-DAMES,54136.0
300,LANEUVEVILLE-DEVANT-NANCY,54410.0
150,CUSTINES,54670.0
526,TOMBLAINE,54510.0
459,RICHARDMENIL,54630.0
257,HEILLECOURT,54180.0
432,PONT-SAINT-VINCENT,54550.0
252,HAROUE,54740.0
549,VARANGEVILLE,54110.0
483,SAINT-NICOLAS-DE-PORT,54210.0
99,VAL DE BRIEY,54150.0
323,LONGWY,54400.0
533,TRIEUX,54750.0
234,GORCY,54730.0
254,HAUCOURT-MOULAINE,54860.0
280,JOEUF,54240.0
273,JARNY,54800.0
493,SAULNES,54650.0
263,HOMECOURT,54310.0
536,TUCQUEGNIEUX,54640.0
382,MONT SAINT MARTIN,54350.0
451,REHON,54430.0
28,AUBOUE,54580.0
321,LONGLAVILLE,54810.0
521,THIL,54880.0
322,LONGUYON,54260.0
261,HERSERANGE,54440.0
270,HUSSIGNY GODBRANGE,54590.0
580,VILLERUPT,54190.0
138,COSNES-ET-ROMAIN,54400.0
137,CONS-LA-GRANDVILLE,54870.0
253,HATRIZE,54800.0
542,VALLEROY,54910.0
329,LUNEVILLE,54300.0
550,VATHIMENIL,54122.0
152,DAMELEVIERES,54360.0
383,MONT-SUR-MEURTHE,54360.0
76,BLAINVILLE-SUR-L EAU,54360.0
205,FOUG,54570.0
426,PIERRE-LA-TREICHE,54200.0
174,ECROUVES,54200.0
528,TOUL,54200.0
167,DOMMARTIN-LES-TOUL,54200.0
584,VILLEY-SAINT-ETIENNE,54200.0
162,DOMGERMAIN,54119.0
518,THIAUCOURT-REGNIEVILLE,54470.0
43,BELLEVILLE SUR MEUSE,55430.0
545,VERDUN,55100.0
5,ARZON,56640.0
206,SAINT-AVE,56890.0
260,VANNES,56000.0
3,ARRADON,56610.0
164,PLOEREN,56880.0
169,PLOUHINEC,56680.0
78,GUIDEL,56520.0
62,GAVRES,56680.0
107,LARMOR-PLAGE,56260.0
121,LORIENT,56100.0
118,LOCMIQUELIC,56570.0
90,INZINZAC-LOCHRIST,56650.0
181,PORT-LOUIS,56290.0
63,GESTEL,56530.0
83,HENNEBONT,56700.0
162,PLOEMEUR,56270.0
98,LANESTER,56600.0
193,RIANTEC,56670.0
40,CLEGUER,56620.0
94,KERVIGNAC,56700.0
101,LANGUIDIC,56440.0
23,BRECH,56400.0
161,PLOEMEL,56400.0
7,AURAY,56400.0
34,CARNAC,56340.0
114,LOCMARIA,56360.0
152,LE PALAIS,56360.0
234,SAINT-PIERRE-QUIBERON,56510.0
186,QUIBERON,56170.0
13,BELZ,56550.0
258,LA TRINITE SUR MER,56470.0
54,ERDEVEN,56410.0
262,LE BONO,56400.0
55,ETEL,56410.0
241,SAUZON,56360.0
263,SAINTE-ANNE-D'AURAY,56400.0
233,SAINT-PHILIBERT,56470.0
177,PLUVIGNER,56330.0
176,PLUNERET,56400.0
168,PLOUHARNEL,56340.0
124,MALESTROIT,56140.0
165,PLOERMEL,56800.0
178,PONTIVY,56300.0
110,LIGNOL,56160.0
10,BAUD,56150.0
194,NEVERS,58000.0
117,FOURCHAMBAULT,58600.0
303,VARENNES-VAUZELLES,58640.0
134,IMPHY,58160.0
88,COULANGES LES NEVERS,58660.0
95,DECIZE,58300.0
238,SAINT ELOI,58000.0
350,LILLE,59800.0
368,LA MADELEINE,59110.0
350,LILLE,59000.0
410,MONS EN BAROEUL,59370.0
328,LAMBERSART,59130.0
220,FACHES THUMESNIL,59155.0
350,LILLE,59260.0
350,LILLE,59777.0
527,SAINT-ANDRE,59350.0
636,WAMBRECHIES,59118.0
507,RONCHIN,59790.0
386,MARQUETTE-LEZ-LILLE,59520.0
9,VILLENEUVE-D'ASCQ,59650.0
250,FOURNES-EN-WEPPES,59134.0
163,CROIX,59170.0
367,LYS LEZ LANNOY,59390.0
9,VILLENEUVE-D'ASCQ,59491.0
512,ROUBAIX,59100.0
650,WATTRELOS,59150.0
350,LILLE,59160.0
653,WAVRIN,59136.0
462,PHALEMPIN,59133.0
343,LESQUIN,59810.0
332,LANNOY,59390.0
196,ENNETIERES-EN-WEPPES,59320.0
360,LOOS,59120.0
566,SEQUEDIN,59320.0
5,ALLENNES-LES-MARAIS,59251.0
648,WATTIGNIES,59139.0
646,WASQUEHAL,59290.0
34,AVELIN,59710.0
660,WILLEMS,59780.0
286,HAUBOURDIN,59320.0
9,VILLENEUVE-D'ASCQ,59493.0
560,SECLIN,59113.0
466,PONT-A-MARCQ,59710.0
586,TEMPLEUVE EN PEVELE,59242.0
168,CYSOING,59830.0
278,HALLENNES-LEZ-HAUBOURDIN,59320.0
299,HEM,59510.0
71,BERSEE,59235.0
421,MOUVAUX,59420.0
378,MARCQ EN BAROEUL,59700.0
508,RONCQ,59223.0
599,TOURCOING,59200.0
17,ARMENTIERES,59280.0
457,PERENCHIES,59840.0
279,HALLUIN,59250.0
173,DEULEMONT,59890.0
426,NEUVILLE EN FERRAIN,59960.0
90,BONDUES,59910.0
352,LINSELLES,59126.0
482,QUESNOY SUR DEULE,59890.0
271,GRANDE-SYNTHE,59760.0
43,BAILLEUL,59270.0
295,HAZEBROUCK,59190.0
178,DOUAI,59500.0
329,LAMBRES LEZ DOUAI,59552.0
569,SIN LE NOBLE,59450.0
574,SOMAIN,59490.0
222,FAUMONT,59310.0
456,PECQUENCOURT,59146.0
392,MAUBEUGE,59600.0
139,CAUDRY,59540.0
122,CAMBRAI,59400.0
491,RAISMES,59590.0
606,VALENCIENNES,59300.0
383,MARLY,59770.0
526,SAINT-AMAND-LES-EAUX,59230.0
14,ANZIN,59410.0
284,HASNON,59178.0
603,TRITH-ST-LEGER,59125.0
172,DENAIN,59220.0
57,BEAUVAIS,60000.0
395,MERU,60110.0
644,TRIE CHATEAU,60590.0
88,BORNEL,60540.0
462,NOAILLES,60430.0
652,VALDAMPIERRE,60790.0
143,CHAUMONT-EN-VEXIN,60240.0
330,LABOISSIERE EN THELLE,60570.0
12,ANDEVILLE,60570.0
277,GOINCOURT,60000.0
575,STE GENEVIEVE,60730.0
367,LOCONVILLE,60240.0
524,RANTIGNY,60290.0
157,CLERMONT,60600.0
360,LIANCOURT,60140.0
234,FITZ JAMES,60600.0
342,LAIGNEVILLE,60290.0
439,MOUY,60250.0
178,CREVECOEUR LE GRAND,60360.0
559,LA RUE ST PIERRE,60510.0
159,COMPIEGNE,60200.0
382,MARGNY LES COMPIEGNE,60280.0
156,CLAIROIX,60280.0
471,NOYON,60400.0
537,RIBECOURT DRESLINCOURT,60170.0
338,LACROIX ST OUEN,60610.0
665,VENETTE,60280.0
337,LACHELLE,60190.0
25,ATTICHY,60350.0
325,JAUX,60880.0
636,THOUROTTE,60150.0
402,LE MEUX,60880.0
119,CAMBRONNE LES RIBECOURT,60170.0
601,ST VAAST LES MELLO,60660.0
509,PONT STE MAXENCE,60700.0
463,NOGENT SUR OISE,60180.0
155,CIRES LES MELLO,60660.0
578,SAINTINES,60410.0
197,DIEUDONNE,60530.0
513,PRECY SUR OISE,60460.0
612,SENLIS,60300.0
141,CHANTILLY,60500.0
282,GOUVIEUX,60270.0
175,CREIL,60100.0
446,NANTEUIL LE HAUDOUIN,60440.0
684,VILLERS ST PAUL,60870.0
142,LA CHAPELLE EN SERVAL,60520.0
238,FLEURINES,60700.0
670,VERNEUIL EN HALATTE,60550.0
414,MONTATAIRE,60160.0
176,CREPY EN VALOIS,60800.0
482,ORRY LA VILLE,60560.0
589,ST MAXIMIN,60740.0
33,AVILLY ST LEONARD,60300.0
346,LAMORLAYE,60260.0
584,ST LEU D ESSERENT,60340.0
67,BETHISY ST MARTIN,60320.0
667,VERBERIE,60410.0
635,THIVERNY,60160.0
139,CHAMBLY,60230.0
358,LEVIGNEN,60800.0
86,BORAN SUR OISE,60820.0
68,BETHISY ST PIERRE,60320.0
172,COYE LA FORET,60580.0
695,VINEUIL ST FIRMIN,60500.0
500,LE PLESSIS BELLEVILLE,60330.0
432,MORTEFONTAINE,60128.0
173,CRAMOISY,60660.0
282,GOUVIEUX,60500.0
489,PEROY LES GOMBRIES,60440.0
450,NEUILLY EN THELLE,60530.0
666,VER SUR LAUNETTE,60950.0
282,GOUVIEUX,60260.0
398,LE MESNIL EN THELLE,60530.0
494,PLAILLY,60128.0
1,ALENCON,61000.0
169,FLERS,61100.0
483,BAGNOLES DE L'ORNE NORMANDIE,61140.0
41,ARRAS,62000.0
4,ACHICOURT,62217.0
764,SAINT-NICOLAS,62223.0
291,ELEU-DIT-LEAUWETTE,62300.0
37,ANZIN-SAINT-AUBIN,62223.0
99,BEAURAINS,62217.0
65,AVION,62210.0
744,SAINTE-CATHERINE,62223.0
609,NEUVILLE-ST-VAAST,62580.0
785,SAVY-BERLETTE,62690.0
128,BIACHE-SAINT-VAAST,62118.0
119,BETHUNE,62400.0
270,DIVION,62460.0
445,HESDIGNEUL-LES-BETHUNE,62196.0
126,BEUVRY,62660.0
473,ISBERGUES,62330.0
19,AIX NOULETTE,62160.0
413,HARNES,62440.0
215,CARVIN,62220.0
587,MONTIGNY EN GOHELLE,62640.0
895,WINGLES,62410.0
498,LENS,62300.0
528,LOOS EN GOHELLE,62750.0
427,HENIN-BEAUMONT,62110.0
893,WIMEREUX,62930.0
604,NEUFCHATEL-HARDELOT,62152.0
758,ST MARTIN BOULOGNE,62280.0
193,CALAIS,62100.0
899,WISSANT,62179.0
160,BOULOGNE SUR MER,62200.0
560,MARQUISE,62250.0
108,BERCK,62600.0
826,LE TOUQUET PARIS PLAGE,62520.0
261,CUCQ,62780.0
571,MERLIMONT,62155.0
14,AIRE-SUR-LA-LYS,62120.0
139,BLENDECQUES,62575.0
765,SAINT OMER,62500.0
525,LONGUENESSE,62219.0
40,ARQUES,62510.0
300,RIOM,63200.0
103,CHATELGUYON,63140.0
285,PONTGIBAUD,63230.0
430,THIERS,63300.0
178,ISSOIRE,63500.0
380,SAINT-NECTAIRE,63710.0
38,BESSE-ET-SAINT-ANASTAISE,63610.0
241,MONTPEYROUX,63114.0
98,CHASTREIX,63680.0
445,PAU,64000.0
129,BILLERE,64140.0
348,LONS,64140.0
132,BIZANOS,64320.0
519,SERRES CASTET,64121.0
385,MIOSSENS LANUSSE,64450.0
284,JURANCON,64110.0
269,IDRON,64320.0
416,NAVARRENX,64190.0
410,MOURENX,64150.0
237,GELOS,64110.0
511,SAUVAGNON,64230.0
374,MAZEROLLES,64230.0
430,ORTHEZ,64300.0
335,LESCAR,64230.0
467,RONTIGNON,64110.0
405,MORLAAS,64160.0
198,DENGUIN,64230.0
339,LESTELLE BETHARRAM,64800.0
422,OLORON SAINTE MARIE,64400.0
463,REBENACQ,64260.0
204,EAUX BONNES,64440.0
409,MOUMOUR,64400.0
320,LARUNS,64440.0
417,NAY,64800.0
522,SEVIGNACQ MEYRACQ,64260.0
40,ARETTE,64570.0
102,BAYONNE,64100.0
122,BIARRITZ,64200.0
24,ANGLET,64600.0
547,USTARITZ,64480.0
483,SAINT-JEAN-DE-LUZ,64500.0
371,MAULEON LICHARRE,64130.0
260,HENDAYE,64700.0
304,LAHONCE,64990.0
100,BASSUSSARRY,64200.0
189,CIBOURE,64500.0
256,HASPARREN,64240.0
538,UHART-CIZE,64220.0
493,SAINT-PALAIS,64120.0
286,LOURDES,65100.0
25,ARGELES-GAZOST,65400.0
127,CAPVERN,65130.0
440,TARBES,65000.0
138,CAUTERETS,65110.0
388,SAINT-LARY-SOULAN,65170.0
31,ARREAU,65240.0
384,SAILHAN,65170.0
123,CAMPAN,65710.0
59,BAGNERES-DE-BIGORRE,65200.0
481,BAREGES,65120.0
168,ESQUIEZE-SERE,65120.0
417,SEMEAC,65600.0
295,LUZ-SAINT-SAUVEUR,65120.0
199,GERM,65240.0
17,ARAGNOUET,65170.0
2,ADE,65100.0
465,VIELLE-AURE,65170.0
8,ARGELES SUR MER,66700.0
65,ELNE,66200.0
37,CANET EN ROUSSILLON,66140.0
182,SAINTE-MARIE-LA-MER,66470.0
171,SAINT-CYPRIEN,66750.0
136,PERPIGNAN,66100.0
136,PERPIGNAN,66000.0
212,TORREILLES,66440.0
17,LE BARCARES,66420.0
59,CORNEILLA DEL VERCOL,66200.0
213,TOULOUGES,66350.0
2,ALENYA,66200.0
4,LES ANGLES,66210.0
20,BOLQUERE,66210.0
3,AMELIE LES BAINS,66110.0
49,CERET,66400.0
124,FONT-ROMEU ODEILLO-VIA,66120.0
164,RIVESALTES,66600.0
154,PUYVALADOR,66210.0
187,SAINT-PAUL-DE-FENOUILLET,66220.0
82,FORMIGUERES,66210.0
24,LE BOULOU,66160.0
3,ALBIGNY-SUR-SAONE,69250.0
382,LYON 2EME,69002.0
143,NEUVILLE SUR SAONE,69250.0
384,LYON 4EME,69004.0
385,LYON 5EME,69005.0
389,LYON 9EME,69009.0
163,QUINCIEUX,69650.0
34,CALUIRE ET CUIRE,69300.0
381,LYON 1ER,69001.0
286,RILLIEUX-LA-PAPE,69140.0
88,FONTAINES SUR SAONE,69270.0
278,GENAY,69730.0
85,FLEURIEU-SUR-SAONE,69250.0
68,COUZON-AU-MONT-D OR,69270.0
292,SATHONAY-CAMP,69580.0
71,CURIS-AU-MONT-D'OR,69250.0
33,CAILLOUX-SUR-FONTAINES,69270.0
168,ROCHETAILLEE-SUR-SAONE,69270.0
233,SAINT-ROMAIN-AU-MONT-D OR,69270.0
284,MONTANAY,69250.0
293,SATHONAY-VILLAGE,69580.0
207,SAINT-GERMAIN-AU-MONT-D OR,69650.0
383,LYON 3EME,69003.0
387,LYON 7EME,69007.0
386,LYON 6EME,69006.0
388,LYON 8EME,69008.0
282,MEYZIEU,69330.0
289,SAINT-PIERRE-DE-CHANDIEU,69780.0
266,VILLEURBANNE,69100.0
259,VENISSIEUX,69200.0
275,DECINES-CHARPIEU,69150.0
297,TERNAY,69360.0
256,VAULX EN VELIN,69120.0
290,SAINT-PRIEST,69800.0
283,MIONS,69780.0
199,ST FONS,69190.0
271,CHASSIEU,69680.0
29,BRON,69500.0
273,CORBAS,69960.0
277,GENAS,69740.0
287,SAINT-BONNET-DE-MURE,69720.0
294,SEREZIN-DU-RHONE,69360.0
276,FEYZIN,69320.0
288,SAINT-LAURENT-DE-MURE,69720.0
296,SOLAIZE,69360.0
291,SAINT-SYMPHORIEN-D'OZON,69360.0
298,TOUSSIEU,69780.0
204,SAINT-GENIS-LAVAL,69230.0
149,OULLINS,69600.0
142,LA MULATIERE,69350.0
202,SAINTE FOY LES LYON,69110.0
176,SOUCIEU EN JARREST,69510.0
27,BRIGNAIS,69530.0
64,CONDRIEU,69420.0
241,TALUYERS,69440.0
96,GRIGNY,69520.0
91,GIVORS,69700.0
100,IRIGNY,69540.0
7,AMPUIS,69420.0
219,SAINT LAURENT D'AGNY,69440.0
46,CHARLY,69390.0
152,PIERRE BENITE,69310.0
260,VERNAISON,69390.0
189,SAINTE-COLOMBE,69560.0
235,SAINT ROMAIN EN GAL,69560.0
80,ECHALAS,69700.0
136,MONTAGNY,69700.0
141,MORNANT,69440.0
43,CHAPONOST,69630.0
268,VOURLES,69390.0
89,FRANCHEVILLE,69340.0
63,COLLONGES-AU-MONT- D OR,69660.0
81,ECULLY,69130.0
72,DARDILLY,69570.0
69,CRAPONNE,69290.0
244,TASSIN-LA-DEMI-LUNE,69160.0
28,BRINDAS,69126.0
78,DUERNE,69850.0
127,MARCY-L ETOILE,69280.0
125,MARCILLY-D AZERGUES,69380.0
10,L ARBRESLE,69210.0
40,CHAMPAGNE-AU-MONT-D OR,69410.0
86,FLEURIEUX-SUR-L ARBRESLE,69210.0
94,GREZIEU-LA-VARENNE,69290.0
116,LIMONEST,69760.0
44,CHARBONNIERES-LES-BAINS,69260.0
171,SAIN-BEL,69210.0
112,LENTILLY,69210.0
49,CHASSELAY,69380.0
31,BRUSSIEU,69690.0
32,BULLY,69210.0
191,SAINT CYR AU MONT D OR,69450.0
208,SAINT GERMAIN NUELLES,69210.0
67,COURZIEU,69690.0
76,DOMMARTIN,69380.0
154,POLLIONNAY,69290.0
250,LA TOUR DE SALVAGNY,69890.0
201,SAINTE-FOY-L ARGENTIERE,69610.0
194,SAINT-DIDIER-AU-MONT-D OR,69370.0
238,SAINT SYMPHORIEN SUR COISE,69590.0
249,THURINS,69510.0
173,SARCEY,69490.0
264,VILLEFRANCHE,69400.0
248,THIZY LES BOURGS,69240.0
121,LOZANNE,69380.0
115,LIMAS,69400.0
4,ALIX,69380.0
13,ARNAS,69400.0
243,TARARE,69170.0
92,GLEIZE,69400.0
206,SAINT GEORGES DE RENEINS,69830.0
45,CHARENTAY,69220.0
9,ANSE,69480.0
107,LAMURE SUR AZERGUES,69870.0
196,SAINT-DIDIER-SUR-BEAUJEU,69430.0
19,BELLEVILLE-EN-BEAUJOLAIS,69220.0
200,SAINT-FORGEUX,69490.0
6,AMPLEPUIS,69550.0
265,VILLE SUR JARNIOUX,69640.0
215,SAINT-JULIEN,69640.0
111,LEGNY,69620.0
24,VAL D'OINGT,69620.0
36,CERCIE,69220.0
122,LUCENAY,69480.0
56,CHESSY,69380.0
126,MARCY,69480.0
311,LUXEUIL-LES-BAINS,70300.0
285,HERICOURT,70400.0
310,LURE,70200.0
473,SAINT-SAUVEUR,70300.0
117,CHALONVILLARS,70400.0
561,VILLERSEXEL,70110.0
116,CHAGEY,70400.0
550,VESOUL,70000.0
388,NOIDANS-LES-VESOUL,70000.0
378,NAVENNE,70000.0
447,RIOZ,70190.0
428,PUSEY,70000.0
207,ECHENOZ-LA-MELINE,70000.0
26,ARC-LES-GRAY,70100.0
270,MACON,71000.0
543,TOURNUS,71700.0
137,CLUNY,71250.0
310,MONTCHANIN,71210.0
404,SAINT-DESERT,71390.0
76,CHALON-SUR-SAONE,71100.0
221,GIVRY,71640.0
475,SAINT-REMY,71100.0
306,MONTCEAU LES MINES,71300.0
486,SAINT VALLIER,71230.0
73,CHAGNY,71150.0
106,CHAROLLES,71120.0
342,PARAY LE MONIAL,71600.0
120,CHAUFFAILLES,71170.0
176,DIGOIN,71160.0
14,AUTUN,71400.0
153,LE CREUSOT,71200.0
40,BLANZY,71450.0
479,SAINT SERNIN DU BOIS,71200.0
263,LOUHANS,71500.0
181,LE MANS,72000.0
260,RUAUDIN,72230.0
3,ALLONNES,72700.0
181,LE MANS,72100.0
231,PARIGNE L EVEQUE,72250.0
213,MULSANNE,72230.0
71,MONTVAL-SUR-LOIR,72500.0
241,MONTFORT-LE-GESNOIS,72450.0
269,SAINT CALAIS,72120.0
299,SAINT MARS D OUTILLE,72220.0
264,SABLE SUR SARTHE,72300.0
223,NOYEN SUR SARTHE,72430.0
154,LA FLECHE,72200.0
13,AUBIGNE RACAN,72800.0
84,CLERMONT CREANS,72200.0
132,LA FERTE BERNARD,72400.0
56,CHAMPFLEUR,72610.0
180,MAMERS,72600.0
29,BEAUMONT SUR SARTHE,72170.0
8,AIX LES BAINS,73100.0
150,LA PLAGNE TARENTAISE,73210.0
249,SAINT-JEOIRE-PRIEURE,73190.0
257,LES BELLEVILLE,73440.0
290,VAL CENIS,73480.0
109,EPIERRE,73220.0
11,ALBERTVILLE,73200.0
306,VALLOIRE,73450.0
235,SAINT FRANCOIS LONGCHAMP,73130.0
307,VALMEINIER,73450.0
213,LA RAVOIRE,73490.0
30,BARBY,73230.0
304,VAL-D ISERE,73150.0
15,LES ALLUES,73550.0
65,CHAMBERY,73000.0
176,MONTVALEZAN,73700.0
296,TIGNES,73320.0
157,MODANE,73500.0
23,AUSSOIS,73500.0
54,BOURG-SAINT-MAURICE,73700.0
182,MOUXY,73100.0
6,AIME LA PLAGNE,73210.0
31,BASSENS,73000.0
132,HAUTELUCE,73620.0
227,COURCHEVEL,73120.0
243,SAINT-JEAN-D ARVEY,73230.0
317,VILLARD SUR DORON,73270.0
10,ENTRELACS,73410.0
329,VOGLANS,73420.0
300,TRESSERVE,73100.0
114,FLUMET,73590.0
179,LA MOTTE SERVOLEX,73290.0
206,PRALOGNAN-LA-VANOISE,73710.0
24,LES AVANCHERS VALMOREL,73260.0
29,BARBERAZ,73000.0
13,ALBIEZ-MONTROND,73300.0
133,GAILLARD,74240.0
26,LA BALME DE SILLINGY,74330.0
10,ANNECY,74600.0
123,FAVERGES-SEYTHENEX,74210.0
10,ANNECY,74000.0
160,MANIGOD,74230.0
10,ANNECY,74960.0
136,LE GRAND BORNAND,74450.0
288,VALLEIRY,74520.0
299,VEYRIER-DU-LAC,74290.0
104,DOUSSARD,74210.0
12,ANNEMASSE,74100.0
10,ANNECY,74940.0
201,NEYDENS,74160.0
19,ARGONAY,74370.0
225,RUMILLY,74150.0
298,VETRAZ-MONTHOUX,74100.0
185,MONNETIER-MORNEX,74560.0
82,COLLONGES-SOUS-SALEVE,74160.0
305,VILLE-LA-GRAND,74100.0
153,LUCINGES,74380.0
40,BONNE,74380.0
213,POISY,74330.0
69,CHENEX,74520.0
243,SAINT-JULIEN-EN-GENEVOIS,74160.0
80,LA CLUSAZ,74220.0
280,THONES,74230.0
10,ANNECY,74370.0
6,ALLONZIER-LA-CAILLE,74350.0
112,EPAGNY METZ-TESSY,74330.0
108,DUINGT,74410.0
88,COPPONEX,74350.0
16,ARCHAMPS,74160.0
137,GROISY,74570.0
309,VIRY,74580.0
176,MENTHON-SAINT-BERNARD,74290.0
56,CHAMONIX MONT BLANC,74400.0
311,VIUZ-EN-SALLAZ,74250.0
215,PRAZ SUR ARLY,74120.0
224,LA ROCHE SUR FORON,74800.0
264,SCIONZIER,74950.0
83,COMBLOUX,74920.0
278,THYEZ,74300.0
85,LES CONTAMINES MONTJOIE,74170.0
189,MONT-SAXONNEX,74130.0
205,ONNION,74490.0
236,SAINT GERVAIS LES BAINS,74170.0
256,SALLANCHES,74700.0
14,ARACHES LA FRASSE,74300.0
266,SERVOZ,74310.0
276,TANINGES,74440.0
134,LES GETS,74260.0
173,MEGEVE,74120.0
42,BONNEVILLE,74130.0
208,PASSY,74190.0
81,CLUSES,74300.0
190,MORILLON,74440.0
164,MARIGNIER,74970.0
258,SAMOENS,74340.0
290,VALLORCINE,74660.0
99,DEMI-QUARTIER,74120.0
90,CORNIER,74800.0
143,LES HOUCHES,74310.0
208,PASSY,74480.0
284,LA TOUR,74250.0
183,MIEUSSY,74440.0
7,AMANCY,74800.0
294,VERCHAIX,74440.0
241,SAINT-JEOIRE,74490.0
89,CORDON,74700.0
250,SAINT-PIERRE-EN-FAUCIGNY,74800.0
87,CONTAMINE-SUR-ARVE,74130.0
212,GLIERES-VAL-DE-BORNE,74130.0
169,MARNAZ,74460.0
119,EVIAN-LES-BAINS,74500.0
249,SAINT-PAUL-EN-CHABLAIS,74500.0
238,SAINT-JEAN-D'AULPS,74430.0
575,SAINT-ETIENNE-DU-ROUVRAY,76800.0
540,ROUEN,76100.0
540,ROUEN,76000.0
429,MESNIL-ESNARD (LE),76240.0
322,GRAND QUEVILLY (LE),76120.0
103,BONSECOURS,76240.0
498,PETIT QUEVILLY (LE),76140.0
497,PETIT-COURONNE (LE),76650.0
681,SOTTEVILLE-LES-ROUEN,76300.0
165,CAUDEBEC-LES-ELBEUF,76320.0
231,ELBEUF,76500.0
705,TOURVILLE-LA-RIVIERE,76410.0
640,SAINT PIERRE LES ELBEUF,76320.0
5,AMFREVILLE-LA-MIVOIE,76920.0
451,MONT-SAINT-AIGNAN,76130.0
410,MAROMME,76150.0
212,DARNETAL,76160.0
157,CANTELEU,76380.0
57,BARENTIN,76360.0
108,BOIS GUILLAUME,76230.0
599,SAINT-LEGER-DU-BOURG-DENIS,76160.0
216,DEVILLE-LES-ROUEN,76250.0
95,BIHOREL,76420.0
474,NOTRE-DAME-DE-BONDEVILLE,76960.0
743,VILLERS ECALLES,76360.0
217,DIEPPE,76200.0
26,ARQUES-LA-BATAILLE,76880.0
711,LE TREPORT,76470.0
255,EU,76260.0
217,DIEPPE,76370.0
351,LE HAVRE,76610.0
351,LE HAVRE,76620.0
351,LE HAVRE,76600.0
552,STE ADRESSE,76310.0
341,HARFLEUR,76700.0
447,MONTIVILLIERS,76290.0
329,GRUCHET-LE-VALASSE,76210.0
647,SAINT-ROMAIN-DE-COLBOSC,76430.0
596,SAINT-LAURENT-DE-BREVEDENT,76700.0
259,FECAMP,76400.0
382,LANQUETOT,76210.0
384,LILLEBONNE,76170.0
254,ETRETAT,76790.0
476,PORT-JEROME-SUR-SEINE,76330.0
305,GONFREVILLE L ORCHER,76700.0
406,MANIQUERVILLE,76400.0
114,BOLBEC,76210.0
141,BREAUTE,76110.0
276,FORGES-LES-EAUX,76440.0
312,GOURNAY-EN-BRAY,76220.0
164,RIVES-EN-SEINE,76490.0
655,SAINT-VALERY-EN-CAUX,76460.0
758,YVETOT,76190.0
637,SAINT-PIERRE-EN-PORT,76540.0
613,SAINT MARTIN AUX BUNEAUX,76450.0
752,YERVILLE,76760.0
325,GREMONVILLE,76970.0
450,SERVON,77170.0
350,OZOIR LA FERRIERE,77330.0
288,MELUN,77000.0
470,TOURNAN-EN-BRIE,77220.0
487,VAUX-LE-PENIL,77000.0
285,LE MEE SUR SEINE,77350.0
53,BRIE COMTE ROBERT,77170.0
82,CHAMPEAUX,77720.0
122,COMBS LA VILLE,77380.0
251,LIEUSAINT,77127.0
407,SAINT-FARGEAU-PONTHIERRY,77310.0
249,LESIGNY,77150.0
22,BARBIZON,77630.0
215,GRETZ-ARMAINVILLIERS,77220.0
384,REAU,77550.0
445,SAVIGNY-LE-TEMPLE,77176.0
326,NANDY,77176.0
377,PRESLES-EN-BRIE,77220.0
373,PONTAULT COMBAULT,77340.0
222,GUIGNES,77390.0
96,CHARTRETTES,77590.0
152,DAMMARIE LES LYS,77190.0
67,CESSON,77240.0
217,GRISY-SUISNES,77166.0
100,CHATELET-EN-BRIE (LE),77820.0
389,ROCHETTE(LA),77000.0
266,MACHAULT,77133.0
390,ROISSY-EN-BRIE,77680.0
378,PRINGY,77310.0
457,SOLERS,77111.0
296,MOISSY-CRAMAYEL,77550.0
305,MONTEREAU FAULT YONNE,77130.0
431,SAINT-PIERRE-LES-NEMOURS,77140.0
312,MONTIGNY-SUR-LOING,77690.0
186,FONTAINEBLEAU,77300.0
4,ANDREZEL,77390.0
14,AVON,77210.0
44,BOMBON,77720.0
333,NEMOURS,77140.0
455,SOIGNOLLES-EN-BRIE,77111.0
226,HERICY,77850.0
127,COUBERT,77170.0
316,MORET-LOING-ET-ORVANNE,77250.0
441,SAMOIS SUR SEINE,77920.0
339,NOISY-SUR-ECOLE,77123.0
114,CHEVRY-COSSIGNY,77173.0
175,EVRY-GREGY-SUR-YERRE,77166.0
107,CHAUMES-EN-BRIE,77390.0
79,CHAMPAGNE SUR SEINE,77430.0
447,SEINE-PORT,77240.0
177,FAVIERES,77220.0
317,MORMANT,77720.0
531,VOULX,77940.0
1,ACHERES-LA-FORET,77760.0
81,CHAMPDEUIL,77390.0
458,SOUPPES-SUR-LOING,77460.0
374,PONTCARRE,77135.0
419,SAINT-MAMMES,77670.0
435,SAINT-SAUVEUR-SUR-ECOLE,77930.0
453,SIVRY-COURTRY,77115.0
37,BOIS LE ROI,77590.0
425,SAINT-MARTIN-EN-BIERE,77630.0
385,REBAIS,77510.0
192,FONTENAY-TRESIGNY,77610.0
131,COULOMMIERS,77120.0
382,QUINCY-VOISINS,77860.0
240,JOUY-SUR-MORIN,77320.0
183,LA FERTE SOUS JOUARRE,77260.0
171,ESBLY,77450.0
117,CITRY,77730.0
148,CROUY-SUR-OURCQ,77840.0
318,MORTCERF,77163.0
393,ROZAY-EN-BRIE,77540.0
280,MARY-SUR-MARNE,77440.0
128,COUILLY-PONT-AUX-DAMES,77860.0
142,CRECY LA CHAPELLE,77580.0
24,BASSEVELLE,77750.0
125,CONDE-SAINTE-LIBIAIRE,77450.0
182,FERTE-GAUCHER (LA),77320.0
510,VILLENEUVE-SAINT-DENIS,77174.0
163,DOUY-LA-RAMEE,77139.0
436,SAINT-SIMEON,77169.0
433,BEAUTHEIL-SAINTS,77120.0
521,VILLIERS-SUR-MORIN,77580.0
238,JOUARRE,77640.0
61,CANNES-ECLUSE,77130.0
202,GENEVRAYE (LA),77690.0
118,CLAYE-SOUILLY,77410.0
284,MEAUX,77100.0
438,SAINT THIBAULT DES VIGNES,77400.0
468,TORCY,77200.0
108,CHELLES,77500.0
514,VILLEPARISIS,77270.0
259,LONGPERRIER,77230.0
58,BUSSY-SAINT-GEORGES,77600.0
449,SERRIS,77700.0
307,MONTEVRAIN,77144.0
337,NOISIEL,77186.0
5,ANNET-SUR-MARNE,77410.0
372,POMPONNE,77400.0
121,COLLEGIEN,77090.0
483,VARREDDES,77910.0
243,LAGNY-SUR-MARNE,77400.0
83,CHAMPS-SUR-MARNE,77420.0
169,EMERAINVILLE,77184.0
59,BUSSY-SAINT-MARTIN,77600.0
430,SAINT-PATHUS,77178.0
153,DAMMARTIN-EN-GOELE,77230.0
479,VAIRES SUR MARNE,77360.0
258,LOGNES,77185.0
85,CHANTELOUP EN BRIE,77600.0
268,MAGNY-LE-HONGRE,77700.0
132,COUPVRAY,77700.0
513,VILLENOY,77124.0
464,THORIGNY SUR MARNE,77400.0
18,BAILLY-ROMAINVILLIERS,77700.0
363,LE PIN,77181.0
143,CREGY-LES-MEAUX,77124.0
111,CHESSY,77700.0
511,VILLENEUVE SOUS DAMMARTIN,77230.0
55,BROU-SUR-CHANTEREINE,77177.0
517,VILLEVAUDE,77410.0
181,FERRIERES-EN-BRIE,77164.0
294,MITRY MORY,77290.0
330,NANTEUIL-LES-MEAUX,77100.0
155,DAMPMART,77400.0
332,NANTOUILLET,77230.0
94,CHARMENTRAY,77410.0
475,TRILPORT,77470.0
420,SAINT-MARD,77230.0
437,SAINT-SOUPPLETS,77165.0
344,OISSERY,77178.0
349,OTHIS,77280.0
237,JOSSIGNY,77600.0
139,COURTRY,77181.0
146,CROISSY-BEAUBOURG,77183.0
474,TRILBARDOU,77450.0
209,GOUVERNES,77400.0
369,POINCY,77470.0
62,CARNETIN,77400.0
335,CHAUCONIN-NEUFMONTIERS,77124.0
221,GUERMANTES,77600.0
77,CHAMBRY,77910.0
292,MESSY,77410.0
462,THIEUX,77230.0
232,ISLES-LES-VILLENOY,77450.0
379,PROVINS,77160.0
201,GASTINS,77370.0
327,NANGIS,77370.0
325,MOUY-SUR-SEINE,77480.0
347,ORMES-SUR-VOULZIE (LES),77134.0
321,MOUSSEAUX-LES-BRAY,77480.0
272,MAISON-ROUGE,77370.0
646,VERSAILLES,78000.0
545,SAINT-CYR-L ECOLE,78210.0
73,BOIS D ARCY,78390.0
686,VIROFLAY,78220.0
423,MONTIGNY LE BRETONNEUX,78180.0
640,VELIZY VILLACOUBLAY,78140.0
621,TRAPPES,78190.0
297,GUYANCOURT,78280.0
242,FONTENAY LE FLEURY,78330.0
158,LE CHESNAY-ROCQUENCOURT,78150.0
322,JOUY EN JOSAS,78350.0
117,BUC,78530.0
143,CHATEAUFORT,78117.0
372,MARLY-LE-ROI,78160.0
650,VESINET (LE),78110.0
490,PLAISIR,78370.0
165,CLAYES-SOUS-BOIS (LES),78340.0
358,MAISONS-LAFFITTE,78600.0
586,SARTROUVILLE,78500.0
350,LOUVECIENNES,78430.0
190,CROISSY SUR SEINE,78290.0
124,CARRIERES SUR SEINE,78420.0
311,HOUILLES,78800.0
224,ETANG-LA-VILLE (L ),78620.0
146,CHATOU,78400.0
674,VILLEPREUX,78450.0
502,PORT-MARLY (LE),78560.0
418,MONTESSON,78360.0
396,MESNIL-LE-ROI (LE),78600.0
92,BOUGIVAL,78380.0
126,CELLE-SAINT-CLOUD (LA),78170.0
455,NOISY LE ROI,78590.0
571,SAINT-NOM-LA-BRETECHE,78860.0
152,CHAVENAY,78450.0
43,BAILLY,78870.0
233,FEUCHEROLLES,78810.0
172,CONFLANS SAINTE HONORINE,78700.0
382,MAURECOURT,78780.0
481,PECQ (LE),78230.0
15,ANDRESY,78570.0
551,SAINT-GERMAIN-EN-LAYE,78100.0
466,ORGEVAL,78630.0
380,MAULE,78580.0
498,POISSY,78300.0
624,TRIEL SUR SEINE,78510.0
401,MEULAN-EN-YVELINES,78250.0
123,CARRIERES SOUS POISSY,78955.0
642,VERNEUIL SUR SEINE,78480.0
440,MUREAUX (LES),78130.0
5,ACHERES,78260.0
367,MAREIL-MARLY,78750.0
672,VILLENNES-SUR-SEINE,78670.0
643,VERNOUILLET,78540.0
29,AUBERGENVILLE,78410.0
90,BOUAFLE,78410.0
138,CHANTELOUP-LES-VIGNES,78570.0
431,MORAINVILLIERS,78630.0
206,ECQUEVILLY,78920.0
551,SAINT-GERMAIN-EN-LAYE,78112.0
638,VAUX-SUR-SEINE,78740.0
403,MEZY-SUR-SEINE,78250.0
133,CHAMBOURCY,78240.0
189,CRESPIERES,78121.0
451,NEZEL,78410.0
238,FLINS-SUR-SEINE,78410.0
217,EPONE,78680.0
361,MANTES-LA-JOLIE,78200.0
118,BUCHELAY,78200.0
402,MEZIERES-SUR-SEINE,78970.0
362,MANTES-LA-VILLE,78711.0
310,HOUDAN,78550.0
246,FONTENAY-SAINT-PERE,78440.0
335,LIMAY,78520.0
314,ISSOU,78440.0
255,FRENEUSE,78840.0
381,MAULETTE,78550.0
484,PERDREAUVILLE,78200.0
57,BENNECOURT,78270.0
267,GARGENVILLE,78440.0
591,SEPTEUIL,78790.0
520,RICHEBOURG,78550.0
89,BONNIERES-SUR-SEINE,78270.0
337,LIMETZ-VILLEZ,78270.0
291,GUERVILLE,78930.0
327,JUZIERS,78820.0
565,SAINT-MARTIN-DES-CHAMPS,78790.0
354,MAGNANVILLE,78200.0
474,ORVILLIERS,78910.0
383,MAUREPAS,78310.0
208,ELANCOURT,78990.0
128,CERNAY-LA-VILLE,78720.0
397,MESNIL-SAINT-DENIS (LE),78320.0
356,MAGNY-LES-HAMEAUX,78114.0
517,RAMBOUILLET,78120.0
562,SAINT-LEGER-EN-YVELINES,78610.0
220,ESSARTS-LE-ROI (LES),78690.0
62,BEYNES,78650.0
616,THOIRY,78770.0
321,JOUARS-PONTCHARTRAIN,78760.0
262,GALLUIS,78490.0
550,SAINT-GERMAIN-DE-LA-GRANGE,78640.0
442,NEAUPHLE-LE-CHATEAU,78640.0
160,CHEVREUSE,78460.0
537,SAINT-ARNOULT-EN-YVELINES,78730.0
366,MAREIL-LE-GUYON,78490.0
398,MESNULS (LES),78490.0
575,SAINT-REMY-LES-CHEVREUSE,78470.0
688,VOISINS-LE-BRETONNEUX,78960.0
513,QUEUE-LES-YVELINES (LA),78940.0
269,GAZERAN,78125.0
168,COIGNIERES,78310.0
420,MONTFORT-L AMAURY,78490.0
120,BULLION,78830.0
683,VILLIERS-SAINT-FREDERIC,78640.0
486,PERRAY-EN-YVELINES (LE),78610.0
623,TREMBLAY-SUR-MAULDRE (LE),78490.0
87,BONNELLES,78830.0
644,VERRIERE (LA),78320.0
522,ROCHEFORT-EN-YVELINES,78730.0
193,DAMPIERRE-EN-YVELINES,78720.0
202,PARTHENAY,79200.0
191,NIORT,79000.0
114,EXIREUIL,79400.0
81,CHAURAY,79180.0
270,ST MAIXENT L ECOLE,79400.0
124,LES FORGES,79340.0
49,BRESSUIRE,79300.0
130,FRONTENAY-ROHAN-ROHAN,79270.0
21,AMIENS,80000.0
21,AMIENS,80090.0
489,LONGUEAU,80330.0
702,SAINT-FUSCIEN,80680.0
21,AMIENS,80080.0
212,CORBIE,80800.0
164,CAMON,80450.0
627,PLACHY-BUYON,80160.0
333,FORT-MAHON-PLAGE,80120.0
228,LE CROTOY,80550.0
182,CAYEUX-SUR-MER,80410.0
253,DOULLENS,80600.0
649,QUEND,80120.0
368,FRIVILLE-ESCARBOTIN,80130.0
533,MERS-LES-BAINS,80350.0
39,AULT,80460.0
1,ABBEVILLE,80100.0
826,WOIGNARUE,80460.0
721,SAINT-VALERY-SUR-SOMME,80230.0
685,ROYE,80700.0
524,MEHARICOURT,80170.0
10,AILLY-SUR-NOYE,80250.0
16,ALBERT,80300.0
620,PERONNE,80200.0
4,ALBI,81000.0
145,LISLE-SUR-TARN,81310.0
257,SAINT JUERY,81160.0
65,CASTRES,81100.0
163,MAZAMET,81200.0
271,SAINT-SULPICE-LA-POINTE,81370.0
112,MOISSAC,82200.0
121,MONTAUBAN,82000.0
96,LA VILLE DIEU DU TEMPLE,82290.0
33,CASTELSARRASIN,82100.0
13,BEAUMONT DE LOMAGNE,82500.0
161,ST-ETIENNE-DE-TULMONT,82410.0
125,MONTECH,82700.0
124,MONTBETON,82290.0
190,VERDUN-SUR-GARONNE,82600.0
37,CAUSSADE,82300.0
155,SAINT ANTONIN NOBLE VAL,82140.0
75,GRISOLLES,82170.0
61,FREJUS,83600.0
50,DRAGUIGNAN,83300.0
68,GRIMAUD,83310.0
118,SAINT RAPHAEL,83700.0
42,COGOLIN,83310.0
119,SAINT TROPEZ,83990.0
107,ROQUEBRUNE-SUR-ARGENS,83380.0
48,LA CROIX VALMER,83420.0
115,SAINTE MAXIME,83120.0
107,ROQUEBRUNE-SUR-ARGENS,83520.0
86,LE MUY,83490.0
99,PUGET-SUR-ARGENS,83480.0
101,RAMATUELLE,83350.0
118,SAINT RAPHAEL,83530.0
36,CAVALAIRE-SUR-MER,83240.0
61,FREJUS,83370.0
1,LES ADRETS DE L ESTEREL,83600.0
8,BAGNOLS-EN-FORET,83600.0
51,ENTRECASTEAUX,83570.0
29,CALLIAN,83440.0
23,BRIGNOLES,83170.0
55,FAYENCE,83440.0
124,SEILLANS,83440.0
72,LORGUES,83510.0
12,BARJOLS,83670.0
81,MONTAUROUX,83440.0
140,TOURVES,83170.0
64,GAREOULT,83136.0
11,BARGEMON,83830.0
41,CLAVIERS,83830.0
31,LE CANNET DES MAURES,83340.0
138,TOURRETTES,83440.0
67,GONFARON,83590.0
4,LES ARCS,83460.0
104,RIANS,83560.0
106,ROCBARON,83136.0
73,LE LUC,83340.0
83,MONTFORT SUR ARGENS,83570.0
121,SALERNES,83690.0
148,VIDAUBAN,83550.0
26,CABASSE,83340.0
110,ROUGIERS,83170.0
82,MONTFERRAT,83131.0
139,TOURTOUR,83690.0
116,ST MAXIMIN LA STE BAUME,83470.0
62,LA GARDE,83130.0
126,LA SEYNE SUR MER,83500.0
137,TOULON,83200.0
137,TOULON,83000.0
129,SIX-FOURS-LES-PLAGES,83140.0
144,LA VALETTE DU VAR,83160.0
98,LE PRADET,83220.0
137,TOULON,83100.0
153,SAINT-MANDRIER-SUR-MER,83430.0
103,LE REVEST LES EAUX,83200.0
70,LE LAVANDOU,83980.0
34,CARQUEIRANNE,83320.0
9,BANDOL,83150.0
123,SANARY SUR MER,83110.0
130,SOLLIES-PONT,83210.0
69,HYERES,83400.0
16,LE BEAUSSET,83330.0
112,SAINT-CYR-SUR-MER,83270.0
71,LA LONDE LES MAURES,83250.0
27,LA CADIERE D AZUR,83740.0
90,OLLIOULES,83190.0
19,BORMES-LES-MIMOSAS,83230.0
54,LA FARLEDE,83210.0
47,LA CRAU,83260.0
100,PUGET-VILLE,83390.0
49,CUERS,83390.0
53,EVENOS,83330.0
91,PIERREFEU-DU-VAR,83390.0
17,BELGENTIER,83210.0
132,SOLLIES-VILLE,83210.0
131,SOLLIES-TOUCAS,83210.0
33,CARNOULES,83660.0
127,SIGNES,83870.0
35,LE CASTELLET,83330.0
43,COLLOBRIERES,83610.0
31,CARPENTRAS,84200.0
7,AVIGNON,84000.0
80,MONTEUX,84170.0
7,AVIGNON,84140.0
17,BEDOIN,84410.0
129,SORGUES,84700.0
92,LE PONTET,84130.0
81,MORIERES LES AVIGNON,84310.0
88,PERNES LES FONTAINES,84210.0
16,BEDARRIDES,84370.0
122,SARRIANS,84260.0
141,VEDENE,84270.0
39,COURTHEZON,84350.0
4,AUBIGNAN,84810.0
43,ENTRAIGUES-SUR-LA-SORGUE,84320.0
30,CAROMB,84330.0
70,MALEMORT-DU-COMTAT,84570.0
147,VILLELAURE,84530.0
3,APT,84400.0
54,L ISLE SUR LA SORGUE,84800.0
89,PERTUIS,84120.0
65,LAURIS,84360.0
35,CAVAILLON,84300.0
132,LE THOR,84250.0
133,LA TOUR D AIGUES,84240.0
124,SAUMANE-DE-VAUCLUSE,84800.0
144,VIENS,84750.0
118,SAINT-SATURNIN LES APT,84490.0
36,CHATEAUNEUF-DE-GADAGNE,84470.0
9,LA BASTIDE DES JOURDANS,84240.0
74,MERINDOL,84360.0
87,ORANGE,84100.0
106,SAINTE-CECILE-LES-VIGNES,84290.0
19,BOLLENE,84500.0
56,JONQUIERES,84150.0
136,VACQUEYRAS,84190.0
137,VAISON-LA-ROMAINE,84110.0
150,VISAN,84820.0
8,BARROUX (LE),84330.0
83,MORNAS,84550.0
69,MALAUCENE,84340.0
12,BEAUMES-DE-VENISE,84190.0
37,CHATEAUNEUF-DU-PAPE,84230.0
127,SERIGNAN-DU-COMTAT,84830.0
191,ROCHE SUR YON (LA),85000.0
262,SAINT-PHILBERT-DE-BOUAINE,85660.0
84,ESSARTS EN BOCAGE,85140.0
146,MONTAIGU-VENDEE,85600.0
51,CHANTONNAY,85110.0
38,BROUZILS (LES),85260.0
190,ROCHESERVIERE,85620.0
215,SAINT-FULGENT,85250.0
109,HERBIERS (LES),85500.0
151,MORTAGNE-SUR-SEVRE,85290.0
92,FONTENAY-LE-COMTE,85200.0
128,LUCON,85400.0
1,AIGUILLON-SUR-MER (L ),85460.0
127,LONGEVILLE-SUR-MER,85560.0
288,TALMONT-SAINT-HILAIRE,85440.0
35,BRETIGNOLLES-SUR-MER,85470.0
226,SAINT-HILAIRE-DE-RIEZ,85270.0
194,SABLES-D'OLONNE (LES),85100.0
194,SABLES-D'OLONNE (LES),85180.0
222,SAINT-GILLES-CROIX-DE-VIE,85800.0
307,FAUTE-SUR-MER (LA),85460.0
294,TRANCHE-SUR-MER (LA),85360.0
114,JARD-SUR-MER,85520.0
194,SABLES-D'OLONNE (LES),85340.0
278,SAINT-VINCENT-SUR-JARD,85520.0
298,VAIRE,85150.0
152,LES ACHARDS,85150.0
47,CHALLANS,85300.0
18,BEAUVOIR-SUR-MER,85230.0
163,NOIRMOUTIER-EN-L'ILE,85330.0
234,SAINT-JEAN-DE-MONTS,85160.0
164,NOTRE-DAME-DE-MONTS,85690.0
11,BARBATRE,85630.0
12,BARRE-DE-MONTS (LA),85550.0
194,POITIERS,86000.0
62,CHASSENEUIL-DU-POITOU,86360.0
157,MIGNALOUX-BEAUVOIR,86550.0
100,FONTAINE-LE-COMTE,86240.0
41,BUXEROLLES,86180.0
66,CHATELLERAULT,86100.0
207,LA ROCHE POSAY,86270.0
34,BOURESSE,86410.0
70,CHAUVIGNY,86300.0
75,ISLE,87170.0
85,LIMOGES,87000.0
85,LIMOGES,87100.0
187,ST YRIEIX LA PERCHE,87500.0
161,ST-LEONARD-DE-NOBLAT,87400.0
14,BESSINES-SUR-GARTEMPE,87250.0
85,LIMOGES,87280.0
50,COUZEIX,87270.0
209,GOLBEY,88190.0
160,EPINAL,88000.0
225,HADOL,88220.0
126,DARNIEULLES,88390.0
516,VITTEL,88800.0
465,CAPAVENIR VOSGES,88150.0
122,DAMAS-ET-BETTEGNEY,88270.0
87,CHANTRAINE,88000.0
132,DEYVILLERS,88000.0
273,LONGCHAMP,88000.0
114,CONTREXEVILLE,88140.0
304,MIRECOURT,88500.0
321,NEUFCHATEAU,88300.0
101,CHENIMENIL,88460.0
347,PIERREFITTE,88270.0
178,LES FORGES,88390.0
201,GIRANCOURT,88390.0
270,LIFFOL-LE-GRAND,88350.0
262,LAVELINE-DEVANT-BRUYERES,88600.0
367,RAMBERVILLERS,88700.0
253,JEUXEY,88000.0
181,FRAIZE,88230.0
349,PLAINFAING,88230.0
372,RAON L ETAPE,88110.0
531,XONRUPT-LONGEMER,88400.0
196,GERARDMER,88400.0
341,PAIR-ET-GRANDRUPT,88100.0
413,SAINT DIE DES VOSGES,88100.0
424,SAINTE-MARGUERITE,88100.0
445,SAULCY-SUR-MEURTHE,88580.0
319,MOYENMOUTIER,88420.0
198,GERBEPAL,88430.0
177,LA FORGE,88530.0
500,VENTRON,88310.0
81,BUSSANG,88540.0
75,LA BRESSE,88250.0
383,REMIREMONT,88200.0
369,RAMONCHAMP,88160.0
408,RUPT-SUR-MOSELLE,88360.0
429,SAINT-NABORD,88200.0
468,LE THILLOT,88160.0
486,VAGNEY,88120.0
442,SAPOIS,88120.0
116,CORNIMONT,88310.0
415,ST-ETIENNE-LES-REMIREMONT,88200.0
358,POUXEUX,88550.0
24,AUXERRE,89000.0
346,ST GEORGES SUR BAULCHE,89000.0
418,TONNERRE,89700.0
102,CHEVANNES,89240.0
438,VENOY,89290.0
267,MONTREAL,89420.0
25,AVALLON,89200.0
464,VILLENEUVE SUR YONNE,89500.0
287,PARON,89100.0
338,ST CLEMENT,89100.0
387,SENS,89100.0
380,SAVIGNY SUR CLAIRIS,89150.0
370,ST VALERIEN,89150.0
239,MALAY LE GRAND,89100.0
414,THORIGNY-SUR-OREUSE,89260.0
100,CHEROY,89690.0
10,BELFORT,90000.0
75,OFFEMONT,90300.0
9,BEAUCOURT,90500.0
86,BONDOUFLE,91070.0
174,CORBEIL ESSONNES,91100.0
97,BOUSSY-SAINT-ANTOINE,91800.0
114,BRUNOY,91800.0
228,EVRY-COURCOURONNES,91000.0
225,ETIOLLES,91450.0
386,MENNECY,91540.0
659,VILLABE,91100.0
691,YERRES,91330.0
179,COUDRAY-MONTCEAUX (LE),91830.0
45,BALLANCOURT-SUR-ESSONNE,91610.0
573,SAINT-PIERRE-DU-PERRAY,91280.0
201,DRAVEIL,91210.0
631,VARENNES-JARCY,91480.0
191,CROSNE,91560.0
421,MONTGERON,91230.0
600,SOISY-SUR-SEINE,91450.0
657,VIGNEUX SUR SEINE,91270.0
244,FONTENAY-LE-VICOMTE,91540.0
553,SAINT-GERMAIN-LES-CORBEIL,91250.0
340,LISSES,91090.0
577,SAINTRY-SUR-SEINE,91250.0
521,RIS-ORANGIS,91130.0
649,VERT LE PETIT,91710.0
215,EPINAY-SOUS-SENART,91860.0
514,QUINCY-SOUS-SENART,91480.0
228,EVRY-COURCOURONNES,91080.0
468,ORMOY,91540.0
617,TIGERY,91250.0
135,CHAMPCUEIL,91750.0
648,VERT LE GRAND,91810.0
589,SAVIGNY-SUR-ORGE,91600.0
27,ATHIS MONS,91200.0
326,JUVISY SUR ORGE,91260.0
549,SAINTE-GENEVIEVE-DES-BOIS,91700.0
345,LONGJUMEAU,91160.0
377,MASSY,91300.0
432,MORANGIS,91420.0
689,WISSOUS,91320.0
161,CHILLY MAZARIN,91380.0
587,SAULX-LES-CHARTREUX,91160.0
44,BALLAINVILLIERS,91160.0
687,VIRY CHATILLON,91170.0
685,VILLIERS-SUR-ORGE,91700.0
434,MORSANG-SUR-ORGE,91390.0
286,GRIGNY,91350.0
667,VILLEMOISSON-S-ORGE,91360.0
479,PARAY-VIEILLE-POSTE,91550.0
216,EPINAY SUR ORGE,91360.0
136,CHAMPLAN,91160.0
235,FLEURY-MEROGIS,91700.0
570,SAINT-MICHEL-SUR-ORGE,91240.0
425,MONTLHERY,91310.0
339,LINAS,91310.0
103,BRETIGNY SUR ORGE,91220.0
156,CHEPTAINVILLE,91630.0
21,ARPAJON,91290.0
579,SAINT-VRAIN,91770.0
207,EGLY,91520.0
347,LONGPONT-SUR-ORGE,91310.0
457,LA NORVILLE,91290.0
115,BRUYERES-LE-CHATEL,91680.0
552,SAINT-GERMAIN-LES-ARPAJON,91180.0
461,OLLAINVILLE,91340.0
333,LEUVILLE-SUR-ORGE,91310.0
494,LE PLESSIS PATE,91220.0
332,LEUDEVILLE,91630.0
376,MAROLLES-EN-HUREPOIX,91630.0
223,ETAMPES,91150.0
99,BOUTIGNY-SUR-ESSONNE,91820.0
85,BOISSY-SOUS-SAINT-YON,91790.0
469,ORMOY-LA-RIVIERE,91150.0
226,ETRECHY,91580.0
599,SOISY-SUR-ECOLE,91840.0
200,DOURDAN,91410.0
533,SACLAS,91690.0
405,MILLY-LA-FORET,91490.0
511,PUSSAY,91740.0
525,ROINVILLE-SOUS-DOURDAN,91410.0
47,BAULNE,91590.0
175,CORBREUSE,91410.0
232,FERTE-ALAIS (LA),91590.0
129,CERNY,91590.0
433,MORIGNY-CHAMPIGNY,91150.0
293,GUIGNEVILLE,91590.0
330,LARDY,91510.0
198,D   HUISON LONGUEVILLE,91590.0
95,BOURAY-SUR-JUINE,91850.0
180,COURANCES,91490.0
105,BREUILLET,91650.0
109,BRIERES-LES-SCELLES,91150.0
359,MAISSE,91720.0
630,VAL-SAINT-GERMAIN (LE),91530.0
546,SAINT-CYR-SOUS-DOURDAN,91410.0
315,ITTEVILLE,91760.0
581,SAINT-YON,91650.0
132,CHAMARANDE,91730.0
639,VAYRES-SUR-ESSONNE,91820.0
80,BOISSY-LE-CUTTE,91590.0
671,VILLENEUVE-SUR-AUVERS,91580.0
17,ANGERVILLIERS,91470.0
16,ANGERVILLE,91670.0
363,MARCOUSSIS,91460.0
111,BRIIS-SOUS-FORGES,91640.0
471,ORSAY,91400.0
272,GIF SUR YVETTE,91190.0
477,PALAISEAU,91120.0
249,FORGES-LES-BAINS,91470.0
692,LES ULIS,91940.0
64,BIEVRES,91570.0
458,NOZAY,91620.0
122,BURES SUR YVETTE,91440.0
338,LIMOURS,91470.0
312,IGNY,91430.0
645,VERRIERES LE BUISSON,91370.0
665,VILLE-DU-BOIS (LA),91620.0
661,VILLEBON SUR YVETTE,91140.0
634,VAUGRIGNEUSE,91640.0
274,GOMETZ-LA-VILLE,91400.0
679,VILLIERS-LE-BACLE,91190.0
275,GOMETZ-LE-CHATEL,91940.0
666,VILLEJUST,91140.0
560,SAINT-JEAN-DE-BEAUREGARD,91940.0
534,SACLAY,91400.0
62,PUTEAUX,92800.0
63,RUEIL-MALMAISON,92500.0
73,SURESNES,92150.0
50,NANTERRE,92000.0
26,COURBEVOIE,92400.0
9,BOIS-COLOMBES,92270.0
35,LA GARENNE-COLOMBES,92250.0
4,ASNIERES-SUR-SEINE,92600.0
36,GENNEVILLIERS,92230.0
25,COLOMBES,92700.0
78,VILLENEUVE-LA-GARENNE,92390.0
44,LEVALLOIS-PERRET,92300.0
24,CLICHY,92110.0
51,NEUILLY-SUR-SEINE,92200.0
12,BOULOGNE-BILLANCOURT,92100.0
76,VAUCRESSON,92420.0
33,GARCHES,92380.0
64,SAINT-CLOUD,92210.0
48,MEUDON,92360.0
72,SEVRES,92310.0
12,BOULOGNE-BILLANCOURT,75016.0
48,MEUDON,92190.0
77,VILLE-D'AVRAY,92410.0
22,CHAVILLE,92370.0
19,CHATENAY-MALABRY,92290.0
14,BOURG-LA-REINE,92340.0
40,ISSY-LES-MOULINEAUX,92130.0
49,MONTROUGE,92120.0
32,FONTENAY-AUX-ROSES,92260.0
23,CLAMART,92140.0
2,ANTONY,92160.0
75,VANVES,92170.0
71,SCEAUX,92330.0
60,LE PLESSIS-ROBINSON,92350.0
20,CHATILLON,92320.0
7,BAGNEUX,92220.0
46,MALAKOFF,92240.0
61,LE PRE-SAINT-GERVAIS,93310.0
63,ROMAINVILLE,93230.0
45,LES LILAS,93260.0
6,BAGNOLET,93170.0
53,NOISY-LE-SEC,93130.0
8,BOBIGNY,93000.0
57,LES PAVILLONS-SOUS-BOIS,93320.0
29,DRANCY,93700.0
10,BONDY,93140.0
55,PANTIN,93500.0
70,SAINT-OUEN-SUR-SEINE,93400.0
1,AUBERVILLIERS,93300.0
66,SAINT-DENIS,93200.0
27,LA COURNEUVE,93120.0
31,EPINAY SUR SEINE,93800.0
66,SAINT-DENIS,93210.0
59,PIERREFITTE-SUR-SEINE,93380.0
72,STAINS,93240.0
13,LE BOURGET,93350.0
79,VILLETANEUSE,93430.0
39,L'ILE-SAINT-DENIS,93450.0
30,DUGNY,93440.0
74,VAUJOURS,93410.0
73,TREMBLAY-EN-FRANCE,93290.0
15,COUBRON,93470.0
71,SEVRAN,93270.0
14,CLICHY SOUS BOIS,93390.0
46,LIVRY-GARGAN,93190.0
5,AULNAY SOUS BOIS,93600.0
78,VILLEPINTE,93420.0
7,LE BLANC-MESNIL,93150.0
50,NEUILLY-SUR-MARNE,93330.0
49,NEUILLY-PLAISANCE,93360.0
32,GAGNY,93220.0
51,NOISY-LE-GRAND,93160.0
33,GOURNAY SUR MARNE,93460.0
62,LE RAINCY,93340.0
47,MONTFERMEIL,93370.0
48,MONTREUIL,93100.0
64,ROSNY-SOUS-BOIS,93110.0
77,VILLEMOMBLE,93250.0
69,ST MAURICE,94410.0
68,SAINT-MAUR-DES-FOSSES,94210.0
68,SAINT-MAUR-DES-FOSSES,94100.0
42,JOINVILLE-LE-PONT,94340.0
2,ALFORTVILLE,94140.0
46,MAISONS-ALFORT,94700.0
18,CHARENTON-LE-PONT,94220.0
28,CRETEIL,94000.0
11,BONNEUIL-SUR-MARNE,94380.0
41,IVRY-SUR-SEINE,94200.0
16,CACHAN,94230.0
43,LE KREMLIN-BICETRE,94270.0
76,VILLEJUIF,94800.0
34,FRESNES,94260.0
22,CHOISY-LE-ROI,94600.0
81,VITRY-SUR-SEINE,94400.0
73,THIAIS,94320.0
38,L'HAY-LES-ROSES,94240.0
54,ORLY,94310.0
21,CHEVILLY-LARUE,94550.0
65,RUNGIS,94150.0
37,GENTILLY,94250.0
3,ARCUEIL,94110.0
78,VILLENEUVE-SAINT-GEORGES,94190.0
56,PERIGNY,94520.0
4,BOISSY-SAINT-LEGER,94470.0
74,VALENTON,94460.0
19,CHENNEVIERES SUR MARNE,94430.0
60,LA QUEUE-EN-BRIE,94510.0
79,VILLIERS-SUR-MARNE,94350.0
71,SUCY-EN-BRIE,94370.0
44,LIMEIL-BREVANNES,94450.0
75,VILLECRESNES,94440.0
1,ABLON-SUR-SEINE,94480.0
59,LE PLESSIS-TREVISE,94420.0
47,MANDRES-LES-ROSES,94520.0
77,VILLENEUVE-LE-ROI,94290.0
53,NOISEAU,94880.0
70,SANTENY,94440.0
55,ORMESSON-SUR-MARNE,94490.0
48,MAROLLES-EN-BRIE,94440.0
52,NOGENT-SUR-MARNE,94130.0
80,VINCENNES,94300.0
15,BRY-SUR-MARNE,94360.0
67,SAINT-MANDE,94160.0
33,FONTENAY-SOUS-BOIS,94120.0
58,LE PERREUX-SUR-MARNE,94170.0
17,CHAMPIGNY-SUR-MARNE,94500.0
500,PONTOISE,95300.0
388,MENUCOURT,95180.0
218,ERAGNY-SUR-OISE,95610.0
572,ST OUEN L AUMONE,95310.0
452,NOINTEL,95590.0
39,AUVERS-SUR-OISE,95430.0
313,L'ISLE-ADAM,95290.0
127,CERGY,95000.0
488,PIERRELAYE,95480.0
323,JOUY-LE-MOUTIER,95280.0
476,OSNY,95520.0
127,CERGY,95800.0
52,BEAUMONT-SUR-OISE,95260.0
392,MERIEL,95630.0
394,MERY-SUR-OISE,95540.0
480,PARMAIN,95620.0
177,CORMEILLES-EN-VEXIN,95830.0
183,COURDIMANCHE,95800.0
355,MAGNY-EN-VEXIN,95420.0
637,VAUREAL,95490.0
500,PONTOISE,95000.0
134,CHAMPAGNE SUR-OISE,95660.0
142,CHARS,95750.0
211,ENNERY,95300.0
487,PERSAN,95340.0
78,BOISSY-L'AILLERIE,95650.0
370,MARINES,95640.0
678,VILLIERS-ADAM,95840.0
628,VALMONDOIS,95760.0
523,LA ROCHE-GUYON,95780.0
270,GENAINVILLE,95420.0
116,BRUYERES-SUR-OISE,95820.0
328,LABBEVILLE,95690.0
651,VETHEUIL,95510.0
280,GOUSSAINVILLE,95190.0
56,BELLOY-EN-FRANCE,95270.0
277,GONESSE,95500.0
199,DOMONT,95330.0
19,ARNOUVILLE,95400.0
527,ROISSY-EN-FRANCE,95700.0
539,SAINT-BRICE-SOUS-FORET,95350.0
268,GARGES-LES-GONESSE,95140.0
205,ECOUEN,95440.0
612,LE THILLAY,95500.0
585,SARCELLES,95200.0
430,MONTSOULT,95560.0
580,SAINT-WITZ,95470.0
229,EZANVILLE,95460.0
91,BOUFFEMONT,95570.0
353,MAFFLIERS,95560.0
42,BAILLET-EN-FRANCE,95560.0
351,LOUVRES,95380.0
250,FOSSES,95470.0
680,VILLIERS-LE-BEL,95400.0
352,LUZARCHES,95270.0
675,VILLERON,95380.0
641,VEMARS,95470.0
652,VIARMES,95270.0
88,BONNEUIL-EN-FRANCE,95500.0
604,SURVILLIERS,95470.0
409,MOISSELLES,95570.0
26,ASNIERES-SUR-OISE,95270.0
509,PUISEUX-EN-FRANCE,95380.0
241,FONTENAY-EN-PARISIS,95190.0
149,CHAUMONTEL,95270.0
594,SEUGY,95270.0
428,MONTMORENCY,95160.0
219,ERMONT,95120.0
203,EAUBONNE,95600.0
252,FRANCONVILLE LA GARENNE,95130.0
491,PLESSIS-BOUCHARD (LE),95130.0
256,FREPILLON,95740.0
607,TAVERNY,95150.0
210,ENGHIEN LES BAINS,95880.0
563,ST LEU LA FORET,95320.0
555,ST GRATIEN,95210.0
197,DEUIL LA BARRE,95170.0
51,BEAUCHAMP,95250.0
288,GROSLAY,95410.0
60,BESSANCOURT,95550.0
574,SAINT-PRIX,95390.0
369,MARGENCY,95580.0
598,SOISY SS MONTMORENCY,95230.0
427,MONTMAGNY,95360.0
426,MONTLIGNON,95680.0
14,ANDILLY,95580.0
582,SANNOIS,95110.0
306,HERBLAY-SUR-SEINE,95220.0
18,ARGENTEUIL,95100.0
424,MONTIGNY LES CORMEILLES,95370.0
63,BEZONS,95870.0
257,LA FRETTE-SUR-SEINE,95530.0
176,CORMEILLES-EN-PARISIS,95240.0
27,SAINT MARTIN,97150.0
26,SAINTE ANNE,97227.0
29,SCHOELCHER,97233.0
17,MARIN,97290.0
9,FORT DE FRANCE,97200.0
31,TROIS ILETS,97229.0
5,CASE PILOTE,97222.0
7,DUCOS,97224.0
13,LE LAMENTIN,97232.0
6,DIAMANT,97223.0
32,VAUCLIN,97280.0
24,SAINT JOSEPH,97212.0
27,SAINTE LUCE,97228.0
9,FORT DE FRANCE,97234.0
10,FRANCOIS,97240.0
22,ROBERT,97231.0
1,AJOUPA BOUILLON,97216.0
30,TRINITE,97220.0
12,GROS MORNE,97213.0
2,CAYENNE,97300.0
9,REMIRE MONTJOLY,97354.0
4,KOUROU,97310.0
7,MATOURY,97351.0
11,SAINT LAURENT DU MARONI,97320.0
18,SAINTE MARIE,97438.0
11,SAINT DENIS,97417.0
11,SAINT DENIS,97400.0
11,SAINT DENIS,97490.0
15,SAINT-PAUL,97460.0
15,SAINT-PAUL,97434.0
10,SAINT-BENOIT,97470.0
9,SAINT-ANDRE,97440.0
8,LA POSSESSION,97419.0
16,SAINT PIERRE,97410.0
13,SAINT-LEU,97424.0
103,PARIS 03,75003.0
101,PARIS 01,75001.0
108,PARIS 08,75008.0
106,PARIS 06,75006.0
107,PARIS 07,75007.0
105,PARIS 05,75005.0
110,PARIS 10,75010.0
109,PARIS 09,75009.0
111,PARIS 11,75011.0
112,PARIS 12,75012.0
113,PARIS 13,75013.0
114,PARIS 14,75014.0
115,PARIS 15,75015.0
116,PARIS 16,75016.0
117,PARIS 17,75017.0
118,PARIS 18,75018.0
120,PARIS 20,75020.0
119,PARIS 19,75019.0
104,PARIS 04,75004.0
102,PARIS 02,75002.0
